,verb_id,lex,scroll,book,chapter,verse,g_cons,hebrew,stem,tense,subject,complement,dir_he,dir_he_dss_verse,preposition_1,preposition_2,preposition_3
0,212256,BW>[,MT,Isaiah,1,12,TB>W,תָבֹ֔אוּ ,qal,impf,,,,,,,
1,212269,BW>[,MT,Isaiah,1,13,HBJ>,הָבִיא֙ ,hif,infc,,,,,,,
2,212315,SWR[,MT,Isaiah,1,16,HSJRW,הָסִ֛ירוּ ,hif,impv,,M NGD <JNJ,0,,M,,
3,212333,HLK[,MT,Isaiah,1,18,LKW,לְכוּ־,qal,impv,,,,,,,
4,212418,BW>[,MT,Isaiah,1,23,JBW>,יָבֹ֥וא ,qal,impf,RJB >LMNH,>LJHM,0,,>LJHM,,
5,212437,CWB[,MT,Isaiah,1,25,>CJBH,אָשִׁ֤יבָה ,hif,impf,,<LJK,0,,<LJK,,
6,212447,SWR[,MT,Isaiah,1,25,>SJRH,אָסִ֖ירָה ,hif,impf,,,,,,,
7,212451,CWB[,MT,Isaiah,1,26,>CJBH,אָשִׁ֤יבָה ,hif,impf,,,,,,,
8,212477,CWB[,MT,Isaiah,1,27,CBJH,שָׁבֶ֖יהָ ,qal,ptca,CBJH,,,,,,
9,212570,HLK[,MT,Isaiah,2,3,HLKW,הָלְכ֞וּ ,qal,perf,<MJM RBJM,,,,,,
10,212575,HLK[,MT,Isaiah,2,3,LKW,לְכ֣וּ׀ ,qal,impv,,,,,,,
11,212577,<LH[,MT,Isaiah,2,3,N<LH,נַעֲלֶ֣ה ,qal,impf,,>L HR JHWH >L BJT >LHJ J<QB,0,,>L,>L,
12,212590,HLK[,MT,Isaiah,2,3,NLKH,נֵלְכָ֖ה ,qal,impf,,B >RXTJW,0,,B,,
13,212596,JY>[,MT,Isaiah,2,3,TY>,תֵּצֵ֣א ,qal,impf,TWRH,M YJWN,0,,M,,
14,212635,HLK[,MT,Isaiah,2,5,LKW,לְכ֥וּ ,qal,impv,,,,,,,
15,212637,HLK[,MT,Isaiah,2,5,NLKH,נֵלְכָ֖ה ,qal,impf,,B >WR JHWH,0,,B,,
16,212702,BW>[,MT,Isaiah,2,10,BW>,בֹּ֣וא ,qal,impv,,B YWR,0,,B,,
17,212830,BW>[,MT,Isaiah,2,19,B>W,בָ֨אוּ֙ ,qal,perf,,B M<RWT YRJM W B MXLWT <PR,0,,B,B,
18,212857,CLK[,MT,Isaiah,2,20,JCLJK,יַשְׁלִ֣יךְ ,hif,impf,H >DM,,,,,,
19,212880,BW>[,MT,Isaiah,2,21,BW>,בֹוא֙ ,qal,infc,,B NQRWT H YRJM W B S<PJ H SL<JM,0,,B,B,
20,212924,SWR[,MT,Isaiah,3,1,MSJR,מֵסִ֤יר ,hif,ptca,H >DWN JHWH YB>WT,M JRWCLM W M JHWDH,0,,M,M,
21,213042,NPL[,MT,Isaiah,3,8,NPL,נָפָ֑ל ,qal,perf,JHWDH,,,,,,
22,213114,BW>[,MT,Isaiah,3,14,JBW>,יָבֹ֔וא ,qal,impf,JHWH,B MCPV,0,,B,,
23,213114,BW>[,MT,Isaiah,3,14,JBW>,יָבֹ֔וא ,qal,impf,JHWH,<M ZQNJ <MW W FRJW,0,,<M,,
24,213151,HLK[,MT,Isaiah,3,16,TLKNH,תֵּלַ֨כְנָה֙ ,qal,wayq,,,,,,,
25,213157,HLK[,MT,Isaiah,3,16,HLWK,הָלֹ֤וךְ ,qal,infa,,,,,,,
26,213160,HLK[,MT,Isaiah,3,16,TLKNH,תֵּלַ֔כְנָה ,qal,impf,,,,,,,
27,213180,SWR[,MT,Isaiah,3,18,JSJR,יָסִ֣יר ,hif,impf,>DNJ,,,,,,
28,213271,NPL[,MT,Isaiah,3,25,JPLW,יִפֹּ֑לוּ ,qal,impf,MTJK,,,,,,
29,213311,>SP[,MT,Isaiah,4,1,>SP,אֱסֹ֖ף ,qal,impv,,,,,,,
30,213508,SWR[,MT,Isaiah,5,5,HSR,הָסֵ֤ר ,hif,infa,,,,,,,
31,213529,<LH[,MT,Isaiah,5,6,<LH,עָלָ֥ה ,qal,perf,CMJR W CJT,,,,,,
32,213573,QRB[,MT,Isaiah,5,8,JQRJBW,יַקְרִ֑יבוּ ,hif,impf,,B FDH,0,,B,,
33,213650,GLH[,MT,Isaiah,5,13,GLH,גָּלָ֥ה ,qal,perf,<MJ,,,,,,
34,213674,JRD[,MT,Isaiah,5,14,JRD,יָרַ֨ד ,qal,perf,HDRH W HMWNH W C>WNH W <LZ BH,,,,,,
35,213740,QRB[,MT,Isaiah,5,19,TQRB,תִקְרַ֣ב ,qal,impf,,,,,,,
36,213742,BW>[,MT,Isaiah,5,19,TBW>H,תָבֹ֗ואָה ,qal,impf,<YT QDWC JFR>L,,,,,,
37,213802,SWR[,MT,Isaiah,5,23,JSJRW,יָסִ֥ירוּ ,hif,impf,,,,,,,
38,213824,<LH[,MT,Isaiah,5,24,J<LH,יַעֲלֶ֑ה ,qal,impf,PRXM,,,,,,
39,213867,CWB[,MT,Isaiah,5,25,CB,שָׁ֣ב ,qal,perf,>PW,,,,,,
40,213892,BW>[,MT,Isaiah,5,26,JBW>,יָבֹֽוא׃ ,qal,impf,,,,,,,
41,214093,LQX[,MT,Isaiah,6,6,LQX,לָקַ֖ח ,qal,perf,,M <L H MZBX,0,,M,<L,
42,214110,SWR[,MT,Isaiah,6,7,SR,סָ֣ר ,qal,perf,<WNK,,,,,,
43,214123,CLX[,MT,Isaiah,6,8,>CLX,אֶשְׁלַ֖ח ,qal,impf,,,,,,,
44,214126,HLK[,MT,Isaiah,6,8,JLK,יֵֽלֶךְ־,qal,impf,MJ,,,,,,
45,214131,CLX[,MT,Isaiah,6,8,CLXNJ,שְׁלָחֵֽנִי׃ ,qal,impv,,,,,,,
46,214134,HLK[,MT,Isaiah,6,9,LK,לֵ֥ךְ ,qal,impv,,,,,,,
47,214177,CWB[,MT,Isaiah,6,10,CB,שָׁ֖ב ,qal,perf,,,,,,,
48,214225,CWB[,MT,Isaiah,6,13,CBH,שָׁ֖בָה ,qal,perf,,,,,,,
49,214256,<LH[,MT,Isaiah,7,1,<LH,עָלָ֣ה ,qal,perf,RYJN MLK >RM W PQX BN RMLJHW MLK JFR>L,JRWCLM,0,,,,
50,214306,JY>[,MT,Isaiah,7,3,Y>,צֵא־,qal,impv,>TH W C>R JCWB BNK,,,,,,
51,214368,<LH[,MT,Isaiah,7,6,N<LH,נַעֲלֶ֤ה ,qal,impf,,B JHWDH,0,,B,,
52,214531,BW>[,MT,Isaiah,7,17,JBJ>,יָבִ֨יא ,hif,impf,JHWH,<LJK W <L <MK W <L BJT >BJK,0,,<LJK,<L,<L
53,214544,BW>[,MT,Isaiah,7,17,B>W,בָ֔אוּ ,qal,perf,,,,,,,
54,214548,SWR[,MT,Isaiah,7,17,SWR,סוּר־,qal,infc,>PRJM,M <L JHWDH,0,,M,<L,
55,214582,BW>[,MT,Isaiah,7,19,B>W,בָ֨אוּ ,qal,perf,,,,,,,
56,214702,BW>[,MT,Isaiah,7,24,JBW>,יָ֣בֹוא ,qal,impf,,CMH,1,,,,
57,214722,BW>[,MT,Isaiah,7,25,TBW>,תָבֹ֣וא ,qal,impf,,CMH,1,,,,
58,214741,LQX[,MT,Isaiah,8,1,QX,קַח־,qal,impv,,,,,,,
59,214768,QRB[,MT,Isaiah,8,3,>QRB,אֶקְרַב֙ ,qal,wayq,,>L H NBJ>H,0,,>L,,
60,214826,HLK[,MT,Isaiah,8,6,HLKJM,הֹלְכִ֖ים ,qal,ptca,,,,,,,
61,214840,<LH[,MT,Isaiah,8,7,M<LH,מַעֲלֶ֨ה ,hif,ptca,>DNJ,<LJHM,0,,<LJHM,,
62,214859,<LH[,MT,Isaiah,8,7,<LH,עָלָה֙ ,qal,perf,,<L KL >PJQJW,0,,<L,,
63,214864,HLK[,MT,Isaiah,8,7,HLK,הָלַ֖ךְ ,qal,perf,,<L KL GDWTJW,0,,<L,,
64,214874,<BR[,MT,Isaiah,8,8,<BR,עָבַ֔ר ,qal,perf,,,,,,,
65,214926,HLK[,MT,Isaiah,8,11,LKT,לֶּ֛כֶת ,qal,infc,,B DRK H <M H ZH,0,,B,,
66,214995,NPL[,MT,Isaiah,8,15,NPLW,נָפְל֣וּ ,qal,perf,,,,,,,
67,215093,<BR[,MT,Isaiah,8,21,<BR,עָ֥בַר ,qal,perf,,BH,0,,BH,,
68,215163,HLK[,MT,Isaiah,9,1,HLKJM,הֹלְכִ֣ים ,qal,ptca,,,,,,,
69,215292,CLX[,MT,Isaiah,9,7,CLX,שָׁלַ֥ח ,qal,perf,>DNJ,B J<QB,0,,B,,
70,215297,NPL[,MT,Isaiah,9,7,NPL,נָפַ֖ל ,qal,perf,,B JFR>L,0,,B,,
71,215318,NPL[,MT,Isaiah,9,9,NPLW,נָפָ֖לוּ ,qal,perf,LBNJM,,,,,,
72,215356,CWB[,MT,Isaiah,9,11,CB,שָׁ֣ב ,qal,perf,>PW,,,,,,
73,215366,CWB[,MT,Isaiah,9,12,CB,שָׁ֖ב ,qal,perf,H <M,,,,,,
74,215443,CWB[,MT,Isaiah,9,16,CB,שָׁ֣ב ,qal,perf,>PW,,,,,,
75,215519,CWB[,MT,Isaiah,9,20,CB,שָׁ֣ב ,qal,perf,>PW,,,,,,
76,215564,BW>[,MT,Isaiah,10,3,TBW>,תָּבֹ֑וא ,qal,impf,,M MRXQ,0,,M,,
77,215567,NWS[,MT,Isaiah,10,3,TNWSW,תָּנ֣וּסוּ ,qal,impf,,<L MJ,0,,<L,,
78,215581,NPL[,MT,Isaiah,10,4,JPLW,יִפֹּ֑לוּ ,qal,impf,,TXT HRWGJM,0,,,,
79,215586,CWB[,MT,Isaiah,10,4,CB,שָׁ֣ב ,qal,perf,>PW,,,,,,
80,215605,CLX[,MT,Isaiah,10,6,>CLXNW,אֲשַׁלְּחֶ֔נּוּ ,piel,impf,,B GWJ XNP,0,,B,,
81,215738,SWR[,MT,Isaiah,10,13,>SJR,אָסִ֣יר׀ ,hif,impf,,,,,,,
82,215745,JRD[,MT,Isaiah,10,13,>WRJD,אֹורִ֥יד ,hif,impf,,,,,,,
83,215760,>SP[,MT,Isaiah,10,14,>SP,אֱסֹף֙ ,qal,infc,,,,,,,
84,215767,>SP[,MT,Isaiah,10,14,>SPTJ,אָסָ֑פְתִּי ,qal,perf,>NJ,,,,,,
85,215804,CLX[,MT,Isaiah,10,16,JCLX,יְשַׁלַּ֨ח ,piel,impf,H >DWN JHWH YB>WT,,,,,,
86,215894,CWB[,MT,Isaiah,10,21,JCWB,יָשׁ֖וּב ,qal,impf,C>R C>R J<QB,>L >L GBWR,0,,>L,,
87,215910,CWB[,MT,Isaiah,10,22,JCWB,יָשׁ֣וּב ,qal,impf,C>R,BW,0,,BW,,
88,215993,SWR[,MT,Isaiah,10,27,JSWR,יָס֤וּר ,qal,impf,SBLW,M <L CKMK,0,,M,<L,
89,216009,BW>[,MT,Isaiah,10,28,B>,בָּ֥א ,qal,perf,,<L <JT,0,,<L,,
90,216012,<BR[,MT,Isaiah,10,28,<BR,עָבַ֣ר ,qal,perf,,B MGRWN,0,,B,,
91,216019,<BR[,MT,Isaiah,10,29,<BRW,עָֽבְרוּ֙ ,qal,perf,,M<BRH,0,,,,
92,216029,NWS[,MT,Isaiah,10,29,NSH,נָֽסָה׃ ,qal,perf,GB<T C>WL,,,,,,
93,216089,NPL[,MT,Isaiah,10,34,JPWL,יִפֹּֽול׃ ס ,qal,impf,H LBNWN,,,,,,
94,216091,JY>[,MT,Isaiah,11,1,JY>,יָצָ֥א ,qal,perf,XVR,M GZ< JCJ,0,,M,,
95,216314,>SP[,MT,Isaiah,11,12,>SP,אָסַ֖ף ,qal,perf,,,,,,,
96,216320,QBY[,MT,Isaiah,11,12,JQBY,יְקַבֵּ֔ץ ,piel,impf,,M >RB< KNPWT H >RY,0,,M,,
97,216327,SWR[,MT,Isaiah,11,13,SRH,סָ֨רָה֙ ,qal,perf,QN>T >PRJM,,,,,,
98,216407,<LH[,MT,Isaiah,11,16,<LTW,עֲלֹתֹ֖ו ,qal,infc,,M >RY MYRJM,0,,M,,
99,216423,CWB[,MT,Isaiah,12,1,JCB,יָשֹׁ֥ב ,qal,impf,>PK,,,,,,
100,216516,BW>[,MT,Isaiah,13,2,JB>W,יָבֹ֖אוּ ,qal,impf,,PTXJ NDJBJM,0,,,,
101,216542,>SP[,MT,Isaiah,13,4,N>SPJM,נֶֽאֱסָפִ֔ים ,nif,ptca,QWL C>WN MMLKWT GWJM N>SPJM,,,,,,
102,216548,BW>[,MT,Isaiah,13,5,B>JM,בָּאִ֛ים ,qal,ptca,JHWH W KLJ Z<MW,M >RY MRXQ M QYH H CMJM,0,,M,M,
103,216574,BW>[,MT,Isaiah,13,6,JBW>,יָבֹֽוא׃ ,qal,impf,,,,,,,
104,216605,BW>[,MT,Isaiah,13,9,B>,בָּ֔א ,qal,perf,JWM JHWH,,,,,,
105,216635,JY>[,MT,Isaiah,13,10,Y>TW,צֵאתֹ֔ו ,qal,infc,,,,,,,
106,216696,QBY[,MT,Isaiah,13,14,MQBY,מְקַבֵּ֑ץ ,piel,ptca,,,,,,,
107,216705,NWS[,MT,Isaiah,13,14,JNWSW,יָנֽוּסוּ׃ ,qal,impf,,,,,,,
108,216714,NPL[,MT,Isaiah,13,15,JPWL,יִפֹּ֥ול ,qal,impf,KL H NSPH,,,,,,
109,216823,BW>[,MT,Isaiah,13,22,BW>,בֹוא֙ ,qal,infc,,,,,,,
110,216854,LQX[,MT,Isaiah,14,2,LQXWM,לְקָח֣וּם ,qal,perf,<MJM,,,,,,
111,216857,BW>[,MT,Isaiah,14,2,HBJ>WM,הֱבִיא֣וּם ,hif,perf,,>L MQWMM,0,,>L,,
112,216956,<LH[,MT,Isaiah,14,8,J<LH,יַעֲלֶ֥ה ,qal,impf,H KRT,<LJNW,0,,<LJNW,,
113,216967,BW>[,MT,Isaiah,14,9,BW>K,בֹּואֶ֑ךָ ,qal,infc,,,,,,,
114,216991,JRD[,MT,Isaiah,14,11,HWRD,הוּרַ֥ד ,hof,perf,G>WNK HMJT NBLJK,C>WL,0,,,,
115,217003,NPL[,MT,Isaiah,14,12,NPLT,נָפַ֥לְתָּ ,qal,perf,,M CMJM,0,,M,,
116,217023,<LH[,MT,Isaiah,14,13,><LH,אֶֽעֱלֶ֔ה ,qal,impf,,H CMJM,0,,,,
117,217039,<LH[,MT,Isaiah,14,14,><LH,אֶעֱלֶ֖ה ,qal,impf,,<L BMTJ <B,0,,<L,,
118,217049,JRD[,MT,Isaiah,14,15,TWRD,תּוּרָ֖ד ,hof,impf,,>K >L C>WL >L JRKTJ BWR,0,,>L,>L,
119,217091,CLK[,MT,Isaiah,14,19,HCLKT,הָשְׁלַ֤כְתָּ ,hof,perf,>TH,M QBRK,0,,M,,
120,217101,JRD[,MT,Isaiah,14,19,JWRDJ,יֹורְדֵ֥י ,qal,ptca,,>L >BNJ BWR,0,,>L,,
121,217204,SWR[,MT,Isaiah,14,25,SR,סָ֤ר ,qal,perf,<LW,M <LJHM,0,,M,<LJHM,
122,217213,SWR[,MT,Isaiah,14,25,JSWR,יָסֽוּר׃ ,qal,impf,SBLW,M <L CKMW,0,,M,<L,
123,217246,CWB[,MT,Isaiah,14,27,JCJBNH,יְשִׁיבֶֽנָּה׃ פ ,hif,impf,MJ,,,,,,
124,217270,JY>[,MT,Isaiah,14,29,JY>,יֵ֣צֵא ,qal,impf,YP<,M CRC NXC,0,,M,,
125,217305,BW>[,MT,Isaiah,14,31,B>,בָּ֔א ,qal,perf,<CN,M YPWN,0,,M,,
126,217340,<LH[,MT,Isaiah,15,2,<LH,עָלָ֨ה ,qal,perf,,H BJT,0,,,,
127,217374,JRD[,MT,Isaiah,15,3,JRD,יֹרֵ֥ד ,qal,ptca,,,,,,,
128,217409,<LH[,MT,Isaiah,15,5,J<LH,יַֽעֲלֶה־,qal,impf,,BW,0,,BW,,
129,217472,CLX[,MT,Isaiah,16,1,CLXW,שִׁלְחוּ־,qal,impv,,M SL<,0,,M,,
130,217472,CLX[,MT,Isaiah,16,1,CLXW,שִׁלְחוּ־,qal,impv,,MDBRH >L HR BT YJWN,1,,>L,,
131,217489,CLX[,MT,Isaiah,16,2,MCLX,מְשֻׁלָּ֑ח ,pual,ptcp,,,,,,,
132,217496,BW>[,MT,Isaiah,16,3,HBJ>W,הָבִ֤יאִי ,hif,impv,,,,,,,
133,217512,GLH[,MT,Isaiah,16,3,TGLJ,תְּגַלִּֽי׃ ,piel,impf,,,,,,,
134,217598,<BR[,MT,Isaiah,16,8,<BRW,עָ֥בְרוּ ,qal,perf,,,,,,,
135,217620,NPL[,MT,Isaiah,16,9,NPL,נָפָֽל׃ ,qal,perf,HJDD,,,,,,
136,217622,>SP[,MT,Isaiah,16,10,N>SP,נֶאֱסַ֨ף ,nif,perf,FMXH W GJL,MN H KRML,0,,MN,,
137,217671,BW>[,MT,Isaiah,16,12,B>,בָ֧א ,qal,perf,,>L MQDCW,0,,>L,,
138,217721,SWR[,MT,Isaiah,17,1,MWSR,מוּסָ֣ר ,hof,ptcp,DMFQ,M <JR,0,,M,,
139,217776,>SP[,MT,Isaiah,17,5,>SP,אֱסֹף֙ ,qal,infc,,,,,,,
140,217935,NWS[,MT,Isaiah,17,13,NS,נָ֣ס ,qal,perf,,M MRXQ,0,,M,,
141,217980,CLX[,MT,Isaiah,18,2,CLX,שֹּׁלֵ֨חַ ,qal,ptca,,B JM,0,,B,,
142,217992,HLK[,MT,Isaiah,18,2,LKW,לְכ֣וּ׀ ,qal,impv,,>L GWJ MMCK W MWRV,0,,>L,,
143,218076,SWR[,MT,Isaiah,18,5,HSJR,הֵסִ֥יר ,hif,perf,,,,,,,
144,218147,BW>[,MT,Isaiah,19,1,B>,בָ֣א ,qal,perf,,MYRJM,0,,,,
145,218269,CLK[,MT,Isaiah,19,8,MCLJKJ,מַשְׁלִיכֵ֥י ,hif,ptca,,B J>WR,0,,B,,
146,218487,CLX[,MT,Isaiah,19,20,JCLX,יִשְׁלַ֥ח ,qal,impf,,LHM,0,,LHM,,
147,218530,CWB[,MT,Isaiah,19,22,CBW,שָׁ֨בוּ֙ ,qal,perf,,<D JHWH,0,,<D,,
148,218549,BW>[,MT,Isaiah,19,23,B>,בָֽא־,qal,perf,>CWR,B MYRJM,0,,B,,
149,218598,BW>[,MT,Isaiah,20,1,B>,בֹּ֤א ,qal,infc,TRTN,>CDWDH,1,,,,
150,218602,CLX[,MT,Isaiah,20,1,CLX,שְׁלֹ֣ח ,qal,infc,SRGWN MLK >CWR,,,,,,
151,218627,HLK[,MT,Isaiah,20,2,LK,לֵ֗ךְ ,qal,impv,,,,,,,
152,218644,HLK[,MT,Isaiah,20,2,HLK,הָלֹ֖ךְ ,qal,infa,,,,,,,
153,218653,HLK[,MT,Isaiah,20,3,HLK,הָלַ֛ךְ ,qal,perf,<BDJ JC<JHW,,,,,,
154,218718,NWS[,MT,Isaiah,20,6,NSNW,נַ֤סְנוּ ,qal,perf,,CM,0,,,,
155,218744,BW>[,MT,Isaiah,21,1,B>,בָּ֔א ,qal,perf,,M MDBR M >RY NWR>H,0,,M,M,
156,218759,<LH[,MT,Isaiah,21,2,<LJ,עֲלִ֤י ,qal,impv,,,,,,,
157,218811,HLK[,MT,Isaiah,21,6,LK,לֵ֚ךְ ,qal,impv,,,,,,,
158,218853,BW>[,MT,Isaiah,21,9,B>,בָא֙ ,qal,perf,ZH RKB >JC YMD PRCJM,,,,,,
159,218862,NPL[,MT,Isaiah,21,9,NPLH,נָפְלָ֤ה ,qal,perf,,,,,,,
160,218863,NPL[,MT,Isaiah,21,9,NPLH,נָֽפְלָה֙ ,qal,perf,BBL,,,,,,
161,218911,CWB[,MT,Isaiah,21,12,CBW,שֻׁ֥בוּ ,qal,impv,,,,,,,
162,218991,<LH[,MT,Isaiah,22,1,<LJT,עָלִ֥ית ,qal,perf,KLK,L GGWT,0,,L,,
163,219088,GLH[,MT,Isaiah,22,8,JGL,יְגַ֕ל ,piel,wayq,,,,,,,
164,219113,QBY[,MT,Isaiah,22,9,TQBYW,תְּקַבְּצ֔וּ ,piel,wayq,,,,,,,
165,219200,GLH[,MT,Isaiah,22,14,NGLH,נִגְלָ֥ה ,nif,perf,JHWH YB>WT,,,,,,
166,219223,HLK[,MT,Isaiah,22,15,LK,לֶךְ־,qal,impv,,,,,,,
167,219224,BW>[,MT,Isaiah,22,15,B>,בֹּא֙ ,qal,impv,,>L H SKN H ZH <L CBN>,0,,>L,<L,
168,219405,NPL[,MT,Isaiah,22,25,NPLH,נָפְלָ֗ה ,qal,perf,,,,,,,
169,219425,BW>[,MT,Isaiah,23,1,BW>,בֹּ֔וא ,qal,infc,,M >RY KTJM,0,,M,,
170,219429,GLH[,MT,Isaiah,23,1,NGLH,נִגְלָה־,nif,perf,,LMW,0,,LMW,,
171,219436,<BR[,MT,Isaiah,23,2,<BR,עֹבֵ֥ר ,qal,ptca,,,,,,,
172,219482,<BR[,MT,Isaiah,23,6,<BRW,עִבְר֖וּ ,qal,impv,,TRCJCH,1,,,,
173,219527,<BR[,MT,Isaiah,23,10,<BRJ,עִבְרִ֥י ,qal,impv,,>RYK,0,,,,
174,219565,<BR[,MT,Isaiah,23,12,<BRJ,עֲבֹ֔רִי ,qal,impv,,KTJJM,0,,,,
175,219623,LQX[,MT,Isaiah,23,16,QXJ,קְחִ֥י ,qal,impv,,,,,,,
176,219646,CWB[,MT,Isaiah,23,17,CBH,שָׁבָ֖ה ,qal,perf,,L >TNNH,0,,L,,
177,219775,<BR[,MT,Isaiah,24,5,<BRW,עָבְר֤וּ ,qal,perf,,,,,,,
178,219834,BW>[,MT,Isaiah,24,10,BW>,בֹּֽוא׃ ,qal,infc,,,,,,,
179,219845,GLH[,MT,Isaiah,24,11,GLH,גָּלָ֖ה ,qal,perf,MFWF H >RY,,,,,,
180,219938,NWS[,MT,Isaiah,24,18,NS,נָּ֞ס ,qal,ptca,,M QWL H PXD,0,,M,,
181,219943,NPL[,MT,Isaiah,24,18,JPL,יִפֹּ֣ל ,qal,impf,,>L H PXT,0,,>L,,
182,219949,<LH[,MT,Isaiah,24,18,<WLH,עֹולֶה֙ ,qal,ptca,,M TWK H PXT,0,,M,,
183,219993,NPL[,MT,Isaiah,24,20,NPLH,נָפְלָ֖ה ,qal,perf,,,,,,,
184,220023,>SP[,MT,Isaiah,24,22,>SPW,אֻסְּפ֨וּ ,pual,perf,,<L BWR,0,,<L,,
185,220204,SWR[,MT,Isaiah,25,8,JSJR,יָסִיר֙ ,hif,impf,,M <L KL H >RY,0,,M,<L,
186,220308,BW>[,MT,Isaiah,26,2,JB>,יָבֹ֥א ,qal,impf,GWJ YDJQ,,,,,,
187,220481,QRB[,MT,Isaiah,26,17,TQRJB,תַּקְרִ֣יב ,hif,impf,HRH,,,,,,
188,220504,NPL[,MT,Isaiah,26,18,JPLW,יִפְּל֖וּ ,qal,impf,JCBJ TBL,,,,,,
189,220523,NPL[,MT,Isaiah,26,19,TPJL,תַּפִּֽיל׃ ס ,hif,impf,>RY,,,,,,
190,220524,HLK[,MT,Isaiah,26,20,LK,לֵ֤ךְ ,qal,impv,,,,,,,
191,220526,BW>[,MT,Isaiah,26,20,B>,בֹּ֣א ,qal,impv,,B XDRJK,0,,B,,
192,220538,<BR[,MT,Isaiah,26,20,J<BWR,יַעֲבָר־,qal,impf,Z<M,,,,,,
193,220543,JY>[,MT,Isaiah,26,21,JY>,יֹצֵ֣א ,qal,ptca,JHWH,M MQWMW,0,,M,,
194,220554,GLH[,MT,Isaiah,26,21,GLTH,גִלְּתָ֤ה ,piel,perf,H >RY,,,,,,
195,220647,BW>[,MT,Isaiah,27,6,B>JM,בָּאִים֙ ,qal,ptca,H B>JM,,,,,,
196,220672,CLX[,MT,Isaiah,27,8,CLXH,שַׁלְחָ֣הּ ,piel,infc,,,,,,,
197,220692,SWR[,MT,Isaiah,27,9,HSR,הָסִ֣ר ,hif,infc,,,,,,,
198,220713,CLX[,MT,Isaiah,27,10,MCLX,מְשֻׁלָּ֥ח ,pual,ptcp,,,,,,,
199,220733,BW>[,MT,Isaiah,27,11,B>WT,בָּאֹ֖ות ,qal,ptca,NCJM,,,,,,
200,220786,BW>[,MT,Isaiah,27,13,B>W,בָ֗אוּ ,qal,perf,,,,,,,
201,220911,CWB[,MT,Isaiah,28,6,MCJBJ,מְשִׁיבֵ֥י ,hif,ptca,,,,,,,
202,221041,HLK[,MT,Isaiah,28,13,JLKW,יֵלְכ֜וּ ,qal,impf,,,,,,,
203,221079,<BR[,MT,Isaiah,28,15,<BR,יַֽעֲבֹר֙ ,qal,impf,,,,,,,
204,221081,BW>[,MT,Isaiah,28,15,JBW>NW,יְבֹואֵ֔נוּ ,qal,impf,,,,,,,
205,221143,<BR[,MT,Isaiah,28,18,J<BR,יַֽעֲבֹ֔ר ,qal,impf,,,,,,,
206,221151,<BR[,MT,Isaiah,28,19,<BRW,עָבְרֹו֙ ,qal,infc,,,,,,,
207,221152,LQX[,MT,Isaiah,28,19,JQX,יִקַּ֣ח ,qal,impf,,,,,,,
208,221161,<BR[,MT,Isaiah,28,19,J<BR,יַעֲבֹ֖ר ,qal,impf,,,,,,,
209,221325,JY>[,MT,Isaiah,28,29,JY>H,יָצָ֑אָה ,qal,perf,GM Z>T,M <M JHWH YB>WT,0,,M,<M,
210,221402,<BR[,MT,Isaiah,29,5,<BR,עֹבֵר֙ ,qal,ptca,HMWN <RJYJM,,,,,,
211,221583,NGC[,MT,Isaiah,29,13,NGC,נִגַּשׁ֙ ,nif,perf,H <M H ZH,,,,,,
212,221673,CWB[,MT,Isaiah,29,17,CB,שָׁ֥ב ,qal,perf,LBNWN,L KRML,0,,L,,
213,221820,HLK[,MT,Isaiah,30,2,HLKJM,הֹלְכִים֙ ,qal,ptca,,,,,,,
214,221822,JRD[,MT,Isaiah,30,2,RDT,רֶ֣דֶת ,qal,infc,,MYRJM,0,,,,
215,221928,BW>[,MT,Isaiah,30,8,BW>,בֹּ֣וא ,qal,impv,,,,,,,
216,221978,SWR[,MT,Isaiah,30,11,SWRW,ס֚וּרוּ ,qal,impv,,MNJ DRK,0,,MNJ,,
217,222020,NPL[,MT,Isaiah,30,13,NPL,נֹפֵ֔ל ,qal,ptca,H <WN H ZH,,,,,,
218,222029,BW>[,MT,Isaiah,30,13,JBW>,יָבֹ֥וא ,qal,impf,CBRH,,,,,,
219,222085,NWS[,MT,Isaiah,30,16,NNWS,נָנ֖וּס ,qal,impf,,,,,,,
220,222088,NWS[,MT,Isaiah,30,16,TNWSWN,תְּנוּס֑וּן ,qal,impf,,,,,,,
221,222107,NWS[,MT,Isaiah,30,17,TNSW,תָּנֻ֑סוּ ,qal,impf,,,,,,,
222,222193,HLK[,MT,Isaiah,30,21,LKW,לְכ֣וּ ,qal,impv,,BW,0,,BW,,
223,222285,NPL[,MT,Isaiah,30,25,NPL,נְפֹ֖ל ,qal,infc,MGDLJM,,,,,,
224,222321,BW>[,MT,Isaiah,30,27,B>,בָּ֣א ,qal,perf,CM JHWH,M MRXQ,0,,M,,
225,222370,HLK[,MT,Isaiah,30,29,HWLK,הֹולֵךְ֙ ,qal,ptca,,,,,,,
226,222375,BW>[,MT,Isaiah,30,29,BW>,בֹ֥וא ,qal,infc,,>L YWR JFR>L,0,,>L,,
227,222463,JRD[,MT,Isaiah,31,1,JRDJM,יֹּרְדִ֤ים ,qal,ptca,,MYRJM,0,,,,
228,222498,BW>[,MT,Isaiah,31,2,JB>,יָּ֣בֵא ,hif,wayq,,,,,,,
229,222504,SWR[,MT,Isaiah,31,2,HSJR,הֵסִ֑יר ,hif,perf,,,,,,,
230,222535,NPL[,MT,Isaiah,31,3,NPL,נָפַ֣ל ,qal,perf,<ZR,,,,,,
231,222571,JRD[,MT,Isaiah,31,4,JRD,יֵרֵד֙ ,qal,impf,JHWH YB>WT,,,,,,
232,222597,CWB[,MT,Isaiah,31,6,CWBW,שׁ֗וּבוּ ,qal,impv,,,,,,,
233,222623,NPL[,MT,Isaiah,31,8,NPL,נָפַ֤ל ,qal,perf,>CWR,,,,,,
234,222635,NWS[,MT,Isaiah,31,8,NS,נָ֥ס ,qal,perf,,M PNJ XRB,0,,M,,
235,222649,<BR[,MT,Isaiah,31,9,J<BWR,יַֽעֲבֹ֔ור ,qal,impf,SL<W,M MGWR,0,,M,,
236,222804,BW>[,MT,Isaiah,32,10,JBW>,יָבֹֽוא׃ ,qal,impf,,,,,,,
237,222830,<LH[,MT,Isaiah,32,13,T<LH,תַּֽעֲלֶ֑ה ,qal,impf,QWY CMJR,,,,,,
238,222919,JRD[,MT,Isaiah,32,19,RDT,רֶ֣דֶת ,qal,infc,H J<R,,,,,,
239,222934,CLX[,MT,Isaiah,32,20,MCLXJ,מְשַׁלְּחֵ֥י ,piel,ptca,,,,,,,
240,222987,>SP[,MT,Isaiah,33,4,>SP,אֻסַּ֣ף ,pual,perf,CLLKM,,,,,,
241,223031,<BR[,MT,Isaiah,33,8,<BR,עֹבֵ֣ר ,qal,ptca,<BR >RX,,,,,,
242,223108,HLK[,MT,Isaiah,33,15,HLK,הֹלֵ֣ךְ ,qal,ptca,,,,,,,
243,223214,HLK[,MT,Isaiah,33,21,TLK,תֵּ֤לֶךְ ,qal,impf,>NJ CJV,BW,0,,BW,,
244,223222,<BR[,MT,Isaiah,33,21,J<BRNW,יַעַבְרֶֽנּוּ׃ ,qal,impf,YJ >DJR,,,,,,
245,223261,QRB[,MT,Isaiah,34,1,QRBW,קִרְב֤וּ ,qal,impv,,,,,,,
246,223297,CLK[,MT,Isaiah,34,3,JCLKW,יֻשְׁלָ֔כוּ ,hof,impf,XLLJHM,,,,,,
247,223300,<LH[,MT,Isaiah,34,3,J<LH,יַעֲלֶ֣ה ,qal,impf,B>CM,,,,,,
248,223343,JRD[,MT,Isaiah,34,5,TRD,תֵּרֵ֔ד ,qal,impf,,<L >DWM,0,,<L,,
249,223380,JRD[,MT,Isaiah,34,7,JRDW,יָרְד֤וּ ,qal,perf,R>MJM,,,,,,
250,223429,<LH[,MT,Isaiah,34,10,J<LH,יַעֲלֶ֣ה ,qal,impf,<CNH,,,,,,
251,223440,<BR[,MT,Isaiah,34,10,<BR,עֹבֵ֖ר ,qal,ptca,,BH,0,,BH,,
252,223473,<LH[,MT,Isaiah,34,13,<LTH,עָלְתָ֤ה ,qal,perf,SJRJM,,,,,,
253,223520,QBY[,MT,Isaiah,34,15,NQBYW,נִקְבְּצ֥וּ ,nif,perf,DJWT,,,,,,
254,223547,QBY[,MT,Isaiah,34,16,QBYN,קִבְּצָֽן׃ ,piel,perf,HW>,,,,,,
255,223550,NPL[,MT,Isaiah,34,17,HPJL,הִפִּ֤יל ,hif,perf,HW>,,,,,,
256,223622,BW>[,MT,Isaiah,35,4,JBW>,יָבֹ֔וא ,qal,impf,>LHJKM,,,,,,
257,223626,BW>[,MT,Isaiah,35,4,JBW>,יָבֹ֖וא ,qal,impf,HW>,,,,,,
258,223691,<BR[,MT,Isaiah,35,8,J<BRNW,יַעַבְרֶ֥נּוּ ,qal,impf,VM>,,,,,,
259,223696,HLK[,MT,Isaiah,35,8,HLK,הֹלֵ֥ךְ ,qal,ptca,HLK DRK W >WJLJM,,,,,,
260,223710,<LH[,MT,Isaiah,35,9,J<LNH,יַעֲלֶ֔נָּה ,qal,impf,PRJY XJWT,,,,,,
261,223715,HLK[,MT,Isaiah,35,9,HLKW,הָלְכ֖וּ ,qal,perf,G>WLJM,,,,,,
262,223720,CWB[,MT,Isaiah,35,10,JCBWN,יְשֻׁב֗וּן ,qal,impf,PDWJJ JHWH,,,,,,
263,223722,BW>[,MT,Isaiah,35,10,B>W,בָ֤אוּ ,qal,perf,,YJWN,0,,,,
264,223736,NWS[,MT,Isaiah,35,10,NSW,נָ֖סוּ ,qal,perf,JGWN W >NXH,,,,,,
265,223750,<LH[,MT,Isaiah,36,1,<LH,עָלָ֞ה ,qal,perf,SNXRJB MLK >CWR,<L KL <RJ JHWDH H BYRWT,0,,<L,,
266,223763,CLX[,MT,Isaiah,36,2,JCLX,יִּשְׁלַ֣ח ,qal,wayq,MLK >CWR,M LKJC,0,,M,,
267,223763,CLX[,MT,Isaiah,36,2,JCLX,יִּשְׁלַ֣ח ,qal,wayq,MLK >CWR,JRWCLMH,1,,,,
268,223763,CLX[,MT,Isaiah,36,2,JCLX,יִּשְׁלַ֣ח ,qal,wayq,MLK >CWR,>L H MLK XZQJHW,0,,>L,,
269,223791,JY>[,MT,Isaiah,36,3,JY>,יֵּצֵ֥א ,qal,wayq,>LJQJM BN XLQJHW W CBN> H SPR W JW>X BN >SP H MZKJR,>LJW,0,,>LJW,,
270,223867,BW>[,MT,Isaiah,36,6,B>,בָ֥א ,qal,perf,,B KPW,0,,B,,
271,223893,SWR[,MT,Isaiah,36,7,HSJR,הֵסִ֤יר ,hif,perf,XZQJHW,,,,,,
272,223937,CWB[,MT,Isaiah,36,9,TCJB,תָּשִׁ֗יב ,hif,impf,,,,,,,
273,223962,<LH[,MT,Isaiah,36,10,<LJTJ,עָלִ֛יתִי ,qal,perf,,<L H >RY H Z>T,0,,<L,,
274,223973,<LH[,MT,Isaiah,36,10,<LH,עֲלֵ֛ה ,qal,impv,,>L H >RY H Z>T,0,,>L,,
275,224019,CLX[,MT,Isaiah,36,12,CLXNJ,שְׁלָחַ֣נִי ,qal,perf,>DNJ,>L >DNJK W >LJK,0,,>L,>LJK,
276,224119,JY>[,MT,Isaiah,36,16,Y>W,צְא֣וּ ,qal,impv,,>LJ,0,,>LJ,,
277,224134,BW>[,MT,Isaiah,36,17,B>J,בֹּאִ֕י ,qal,infc,,,,,,,
278,224136,LQX[,MT,Isaiah,36,17,LQXTJ,לָקַחְתִּ֥י ,qal,perf,,>L >RY K >RYKM >RY DGN W TJRWC >RY LXM W KRMJM,0,,>L,K,
279,224223,BW>[,MT,Isaiah,36,22,JB>,יָּבֹ֣א ,qal,wayq,>LJQJM BN XLQJHW W CBN> H SWPR W JW>X BN >SP H MZKJR,>L XZQJHW,0,,>L,,
280,224268,BW>[,MT,Isaiah,37,1,JB>,יָּבֹ֖א ,qal,wayq,,BJT JHWH,0,,,,
281,224272,CLX[,MT,Isaiah,37,2,JCLX,יִּשְׁלַח ,qal,wayq,,>L JC<JHW BN >MWY H NBJ>,0,,>L,,
282,224316,BW>[,MT,Isaiah,37,3,B>W,בָ֤אוּ ,qal,perf,BNJM,<D MCBR,0,,<D,,
283,224333,CLX[,MT,Isaiah,37,4,CLXW,שְׁלָחֹ֨ו ,qal,perf,MLK >CWR >DNJW,,,,,,
284,224359,BW>[,MT,Isaiah,37,5,JB>W,יָּבֹ֗אוּ ,qal,wayq,<BDJ H MLK XZQJHW,>L JC<JHW,0,,>L,,
285,224399,CWB[,MT,Isaiah,37,7,CB,שָׁ֣ב ,qal,perf,,>L >RYW,0,,>L,,
286,224403,NPL[,MT,Isaiah,37,7,HPLTJW,הִפַּלְתִּ֥יו ,hif,perf,,,,,,,
287,224410,CWB[,MT,Isaiah,37,8,JCB,יָּ֨שָׁב֙ ,qal,wayq,RB CQH,,,,,,
288,224434,JY>[,MT,Isaiah,37,9,JY>,יָצָ֖א ,qal,perf,,,,,,,
289,224441,CLX[,MT,Isaiah,37,9,JCLX,יִּשְׁלַ֣ח ,qal,wayq,,>L XZQJHW,0,,>L,,
290,224525,LQX[,MT,Isaiah,37,14,JQX,יִּקַּ֨ח ,qal,wayq,XZQJHW,M JD H ML>KJM,0,,M,,
291,224537,<LH[,MT,Isaiah,37,14,J<L,יַּ֨עַל֙ ,qal,wayq,,BJT JHWH,0,,,,
292,224597,CLX[,MT,Isaiah,37,17,CLX,שָׁלַ֔ח ,qal,perf,,,,,,,
293,224654,CLX[,MT,Isaiah,37,21,JCLX,יִּשְׁלַח֙ ,qal,wayq,JC<JHW BN >MWY,>L XZQJHW,0,,>L,,
294,224721,<LH[,MT,Isaiah,37,24,<LJTJ,עָלִ֛יתִי ,qal,perf,>NJ,MRWM HRJM JRKTJ LBNWN,0,,,,
295,224733,BW>[,MT,Isaiah,37,24,>BW>,אָבֹוא֙ ,qal,impf,,MRWM QYW J<R KRMLW,0,,,,
296,224765,BW>[,MT,Isaiah,37,26,HB>TJH,הֲבֵאתִ֔יהָ ,hif,perf,,,,,,,
297,224797,JY>[,MT,Isaiah,37,28,Y>TK,צֵאתְךָ֥ ,qal,infc,,,,,,,
298,224799,BW>[,MT,Isaiah,37,28,BW>K,בֹואֲךָ֖ ,qal,infc,,,,,,,
299,224810,<LH[,MT,Isaiah,37,29,<LH,עָלָ֣ה ,qal,perf,C>NNK,B >ZNJ,0,,B,,
300,224823,CWB[,MT,Isaiah,37,29,HCJBTJK,הֲשִׁ֣יבֹתִ֔יךָ ,hif,perf,,,,,,,
301,224828,BW>[,MT,Isaiah,37,29,B>T,בָּ֥אתָ ,qal,perf,,,,,,,
302,224879,JY>[,MT,Isaiah,37,32,TY>,תֵּצֵ֣א ,qal,impf,C>RJT,M JRWCLM,0,,M,,
303,224899,BW>[,MT,Isaiah,37,33,JBW>,יָבֹוא֙ ,qal,impf,,>L H <JR H Z>T,0,,>L,,
304,224923,BW>[,MT,Isaiah,37,34,B>,בָּ֖א ,qal,perf,,,,,,,
305,224925,CWB[,MT,Isaiah,37,34,JCWB,יָשׁ֑וּב ,qal,impf,,,,,,,
306,224933,BW>[,MT,Isaiah,37,34,JBW>,יָבֹ֖וא ,qal,impf,,>L H <JR H Z>T,0,,>L,,
307,224951,JY>[,MT,Isaiah,37,36,JY>,יֵּצֵ֣א׀ ,qal,wayq,ML>K JHWH,,,,,,
308,224978,HLK[,MT,Isaiah,37,37,JLK,יֵּ֔לֶךְ ,qal,wayq,,,,,,,
309,224980,CWB[,MT,Isaiah,37,37,JCB,יָּ֖שָׁב ,qal,wayq,SNXRJB MLK >CWR,,,,,,
310,225024,BW>[,MT,Isaiah,38,1,JBW>,יָּבֹ֣וא ,qal,wayq,JC<JHW BN >MWY H NBJ>,>LJW,0,,>LJW,,
311,225065,HLK[,MT,Isaiah,38,3,HTHLKTJ,הִתְהַלַּ֣כְתִּי ,hit,perf,,,,,,,
312,225093,HLK[,MT,Isaiah,38,5,HLWK,הָלֹ֞וךְ ,qal,infa,,,,,,,
313,225155,CWB[,MT,Isaiah,38,8,MCJB,מֵשִׁ֣יב ,hif,ptca,,,,,,,
314,225161,JRD[,MT,Isaiah,38,8,JRDH,יָרְדָה֩ ,qal,perf,,,,,,,
315,225172,CWB[,MT,Isaiah,38,8,TCB,תָּ֤שָׁב ,qal,wayq,H CMC,,,,,,
316,225181,JRD[,MT,Isaiah,38,8,JRDH,יָרָֽדָה׃ ס ,qal,perf,,,,,,,
317,225198,HLK[,MT,Isaiah,38,10,>LKH,אֵלֵ֖כָה ,qal,impf,,,,,,,
318,225224,GLH[,MT,Isaiah,38,12,NGLH,נִגְלָ֛ה ,nif,perf,,MNJ,0,,MNJ,,
319,225316,CLK[,MT,Isaiah,38,17,HCLKT,הִשְׁלַ֛כְתָּ ,hif,perf,,>XRJ GWK,0,,,,
320,225329,JRD[,MT,Isaiah,38,18,JWRDJ,יֹֽורְדֵי־,qal,ptca,JWRDJ BWR,>L >MTK,0,,>L,,
321,225377,<LH[,MT,Isaiah,38,22,><LH,אֶעֱלֶ֖ה ,qal,impf,,BJT JHWH,0,,,,
322,225385,CLX[,MT,Isaiah,39,1,CLX,שָׁלַ֡ח ,qal,perf,MRDK BL>DN BN BL>DN MLK BBL,>L XZQJHW,0,,>L,,
323,225454,BW>[,MT,Isaiah,39,3,JB>,יָּבֹא֙ ,qal,wayq,JC<JHW H NBJ>,>L H MLK XZQJHW,0,,>L,,
324,225474,BW>[,MT,Isaiah,39,3,JB>W,יָבֹ֣אוּ ,qal,impf,,M >JN,0,,M,,
325,225474,BW>[,MT,Isaiah,39,3,JB>W,יָבֹ֣אוּ ,qal,impf,,>LJK,0,,>LJK,,
326,225482,BW>[,MT,Isaiah,39,3,B>W,בָּ֥אוּ ,qal,perf,,M >RY RXWQH M BBL,0,,M,M,
327,225482,BW>[,MT,Isaiah,39,3,B>W,בָּ֥אוּ ,qal,perf,,>LJ,0,,>LJ,,
328,225520,BW>[,MT,Isaiah,39,6,B>JM,בָּאִים֒ ,qal,ptca,JMJM,,,,,,
329,225546,JY>[,MT,Isaiah,39,7,JY>W,יֵצְא֧וּ ,qal,impf,,MMK,0,,MMK,,
330,225550,LQX[,MT,Isaiah,39,7,JQXW,יִקָּ֑חוּ ,qal,impf,,M BNJK,0,,M,,
331,225596,LQX[,MT,Isaiah,40,2,LQXH,לָקְחָה֙ ,qal,perf,,M JD JHWH,0,,M,,
332,225640,GLH[,MT,Isaiah,40,5,NGLH,נִגְלָ֖ה ,nif,perf,KBWD JHWH,,,,,,
333,225696,<LH[,MT,Isaiah,40,9,<LJ,עֲלִי־,qal,impv,,<L HR GBH,0,,<L,,
334,225721,BW>[,MT,Isaiah,40,10,JBW>,יָבֹ֔וא ,qal,impf,>DNJ JHWH,,,,,,
335,225739,QBY[,MT,Isaiah,40,11,JQBY,יְקַבֵּ֣ץ ,piel,impf,,,,,,,
336,225975,JY>[,MT,Isaiah,40,26,MWYJ>,מֹּוצִ֥יא ,hif,ptca,,,,,,,
337,226007,<BR[,MT,Isaiah,40,27,J<BWR,יַעֲבֹֽור׃ ,qal,impf,MCPVJ,,,,,,
338,226055,<LH[,MT,Isaiah,40,31,J<LW,יַעֲל֥וּ ,hif,impf,,,,,,,
339,226064,HLK[,MT,Isaiah,40,31,JLKW,יֵלְכ֖וּ ,qal,impf,,,,,,,
340,226075,NGC[,MT,Isaiah,41,1,JGCW,יִגְּשׁוּ֙ ,qal,impf,,,,,,,
341,226082,QRB[,MT,Isaiah,41,1,NQRBH,נִקְרָֽבָה׃ ,qal,impf,,,,,,,
342,226108,<BR[,MT,Isaiah,41,3,J<BWR,יַעֲבֹ֣ור ,qal,impf,,,,,,,
343,226114,BW>[,MT,Isaiah,41,3,JBW>,יָבֹֽוא׃ ,qal,impf,,,,,,,
344,226140,QRB[,MT,Isaiah,41,5,QRBW,קָרְב֖וּ ,qal,perf,,,,,,,
345,226391,QRB[,MT,Isaiah,41,21,QRBW,קָרְב֥וּ ,piel,impv,,,,,,,
346,226395,NGC[,MT,Isaiah,41,21,HGJCW,הַגִּ֨ישׁוּ֙ ,hif,impv,,,,,,,
347,226400,NGC[,MT,Isaiah,41,22,JGJCW,יַגִּ֨ישׁוּ֙ ,hif,impf,,,,,,,
348,226420,BW>[,MT,Isaiah,41,22,B>WT,בָּאֹ֖ות ,qal,ptca,,,,,,,
349,226464,BW>[,MT,Isaiah,41,25,JB>,יָבֹ֤א ,qal,impf,,,,,,,
350,226520,CWB[,MT,Isaiah,41,28,JCJBW,יָשִׁ֥יבוּ ,hif,impf,,,,,,,
351,226545,JY>[,MT,Isaiah,42,1,JWYJ>,יֹוצִֽיא׃ ,hif,impf,,L GWJM,0,,L,,
352,226569,JY>[,MT,Isaiah,42,3,JWYJ>,יֹוצִ֥יא ,hif,impf,,,,,,,
353,226612,HLK[,MT,Isaiah,42,5,HLKJM,הֹלְכִ֥ים ,qal,ptca,,BH,0,,BH,,
354,226638,JY>[,MT,Isaiah,42,7,HWYJ>,הֹוצִ֤יא ,hif,infc,,M MSGR,0,,M,,
355,226665,BW>[,MT,Isaiah,42,9,B>W,בָ֑אוּ ,qal,perf,,,,,,,
356,226685,JRD[,MT,Isaiah,42,10,JWRDJ,יֹורְדֵ֤י ,qal,ptca,,,,,,,
357,226721,JY>[,MT,Isaiah,42,13,JY>,יֵצֵ֔א ,qal,impf,JHWH,,,,,,
358,226764,HLK[,MT,Isaiah,42,16,HWLKTJ,הֹולַכְתִּ֣י ,hif,perf,,B DRK,0,,B,,
359,226826,CLX[,MT,Isaiah,42,19,>CLX,אֶשְׁלָ֑ח ,qal,impf,,,,,,,
360,226880,CWB[,MT,Isaiah,42,22,HCB,הָשַֽׁב׃ ,hif,impv,,,,,,,
361,226910,HLK[,MT,Isaiah,42,24,HLWK,הָלֹ֔וךְ ,qal,infa,,B DRKJW,0,,B,,
362,226959,<BR[,MT,Isaiah,43,2,T<BR,תַעֲבֹ֤ר ,qal,impf,,B MJM,0,,B,,
363,226972,HLK[,MT,Isaiah,43,2,TLK,תֵלֵ֤ךְ ,qal,impf,,BMW >C,0,,BMW,,
364,227020,BW>[,MT,Isaiah,43,5,>BJ>,אָבִ֣יא ,hif,impf,,M MZRX,0,,M,,
365,227025,QBY[,MT,Isaiah,43,5,>QBYK,אֲקַבְּצֶֽךָּ׃ ,piel,impf,,M M<RB,0,,M,,
366,227036,BW>[,MT,Isaiah,43,6,HBJ>J,הָבִ֤יאִי ,hif,impv,,M RXWQ,0,,M,,
367,227058,JY>[,MT,Isaiah,43,8,HWYJ>,הֹוצִ֥יא ,hif,infc,,,,,,,
368,227072,QBY[,MT,Isaiah,43,9,NQBYW,נִקְבְּצ֣וּ ,nif,perf,KL H GWJM,,,,,,
369,227075,>SP[,MT,Isaiah,43,9,J>SPW,יֵאָֽסְפוּ֙ ,nif,impf,L>MJM,,,,,,
370,227159,CWB[,MT,Isaiah,43,13,JCJBNH,יְשִׁיבֶֽנָּה׃ ס ,hif,impf,MJ,,,,,,
371,227167,CLX[,MT,Isaiah,43,14,CLXTJ,שִׁלַּ֣חְתִּי ,piel,perf,,BBLH,1,,,,
372,227170,JRD[,MT,Isaiah,43,14,HWRDTJ,הֹורַדְתִּ֤י ,hif,perf,,,,,,,
373,227199,JY>[,MT,Isaiah,43,17,MWYJ>,מֹּוצִ֥יא ,hif,ptca,,,,,,,
374,227276,BW>[,MT,Isaiah,43,23,HBJ>T,הֵבֵ֤יאתָ ,hif,perf,,LJ,0,,LJ,,
375,227462,BW>[,MT,Isaiah,44,7,TB>NH,תָּבֹ֖אנָה ,qal,impf,,,,,,,
376,227526,QBY[,MT,Isaiah,44,11,JTQBYW,יִֽתְקַבְּצ֤וּ ,hit,impf,KLM,,,,,,
377,227593,LQX[,MT,Isaiah,44,14,JQX,יִּקַּ֤ח ,qal,wayq,,,,,,,
378,227615,LQX[,MT,Isaiah,44,15,JQX,יִּקַּ֤ח ,qal,wayq,,MHM,0,,MHM,,
379,227689,CWB[,MT,Isaiah,44,19,JCJB,יָשִׁ֣יב ,hif,impf,,>L LBW,0,,>L,,
380,227766,CWB[,MT,Isaiah,44,22,CWBH,שׁוּבָ֥ה ,qal,impv,,>LJ,0,,>LJ,,
381,227821,CWB[,MT,Isaiah,44,25,MCJB,מֵשִׁ֧יב ,hif,ptca,,>XWR,0,,,,
382,227906,HLK[,MT,Isaiah,45,2,>LK,אֵלֵ֔ךְ ,qal,impf,>NJ,,,,,,
383,228090,CLX[,MT,Isaiah,45,13,JCLX,יְשַׁלֵּ֔חַ ,piel,impf,,,,,,,
384,228114,<BR[,MT,Isaiah,45,14,J<BRW,יַעֲבֹ֨רוּ֙ ,qal,impf,JGJ< MYRJM W SXR KWC W SB>JM >NCJ MDH,<LJK,0,,<LJK,,
385,228119,HLK[,MT,Isaiah,45,14,JLKW,יֵלֵ֔כוּ ,qal,impf,,>XRJK,0,,,,
386,228123,<BR[,MT,Isaiah,45,14,J<BRW,יַעֲבֹ֑רוּ ,qal,impf,,,,,,,
387,228150,HLK[,MT,Isaiah,45,16,HLKW,הָלְכ֣וּ ,qal,perf,XRCJ YJRJM,,,,,,
388,228220,QBY[,MT,Isaiah,45,20,HQBYW,הִקָּבְצ֥וּ ,nif,impv,,,,,,,
389,228222,BW>[,MT,Isaiah,45,20,B>W,בֹ֛אוּ ,qal,impv,,,,,,,
390,228223,NGC[,MT,Isaiah,45,20,HTNGCW,הִֽתְנַגְּשׁ֥וּ ,hit,impv,,,,,,,
391,228243,NGC[,MT,Isaiah,45,21,HGJCW,הַגִּ֔ישׁוּ ,hif,impv,,,,,,,
392,228286,JY>[,MT,Isaiah,45,23,JY>,יָצָ֨א ,qal,perf,DBR,M PJ,0,,M,,
393,228293,CWB[,MT,Isaiah,45,23,JCWB,יָשׁ֑וּב ,qal,impf,,,,,,,
394,228311,BW>[,MT,Isaiah,45,24,JBW>,יָבֹ֣וא ,qal,impf,,<DJW,0,,<DJW,,
395,228356,HLK[,MT,Isaiah,46,2,HLKH,הָלָֽכָה׃ ס ,qal,perf,NPCM,B CBJ,0,,B,,
396,228449,CWB[,MT,Isaiah,46,8,HCJBW,הָשִׁ֥יבוּ ,hif,impv,,<L LB,0,,<L,,
397,228496,BW>[,MT,Isaiah,46,11,>BJ>NH,אֲבִיאֶ֔נָּה ,hif,impf,,,,,,,
398,228508,QRB[,MT,Isaiah,46,13,QRBTJ,קֵרַ֤בְתִּי ,piel,perf,,,,,,,
399,228524,JRD[,MT,Isaiah,47,1,RDJ,רְדִ֣י׀ ,qal,impv,,,,,,,
400,228548,LQX[,MT,Isaiah,47,2,QXJ,קְחִ֥י ,qal,impv,,,,,,,
401,228553,GLH[,MT,Isaiah,47,2,GLJ,גַּלִּ֨י ,piel,impv,,,,,,,
402,228557,GLH[,MT,Isaiah,47,2,GLJ,גַּלִּי־,piel,impv,,,,,,,
403,228559,<BR[,MT,Isaiah,47,2,<BRJ,עִבְרִ֥י ,qal,impv,,,,,,,
404,228561,GLH[,MT,Isaiah,47,3,TGL,תִּגָּל֙ ,nif,impf,<RWTK,,,,,,
405,228567,LQX[,MT,Isaiah,47,3,>QX,אֶקָּ֔ח ,qal,impf,,,,,,,
406,228581,BW>[,MT,Isaiah,47,5,B>J,בֹ֥אִי ,qal,impv,,,,,,,
407,228652,BW>[,MT,Isaiah,47,9,TB>NH,תָבֹאנָה֩ ,qal,impf,CTJ >LH CKWL W >LMN,LK,0,,LK,,
408,228665,BW>[,MT,Isaiah,47,9,B>W,בָּ֣אוּ ,qal,perf,,<LJK,0,,<LJK,,
409,228685,CWB[,MT,Isaiah,47,10,CWBBTK,שֹׁובְבָ֑תֶךְ ,piel,perf,HJ>,,,,,,
410,228695,BW>[,MT,Isaiah,47,11,B>,בָ֧א ,qal,perf,R<H,<LJK,0,,<LJK,,
411,228702,NPL[,MT,Isaiah,47,11,TPL,תִפֹּ֤ל ,qal,impf,HWH,<LJK,0,,<LJK,,
412,228709,BW>[,MT,Isaiah,47,11,TB>,תָבֹ֨א ,qal,impf,CW>H,<LJK,0,,<LJK,,
413,228754,BW>[,MT,Isaiah,47,13,JB>W,יָבֹ֖אוּ ,qal,impf,,<LJK,0,,<LJK,,
414,228804,JY>[,MT,Isaiah,48,1,JY>W,יָצָ֑אוּ ,qal,perf,,M MJ JHWDH,0,,M,,
415,228844,JY>[,MT,Isaiah,48,3,JY>W,יָצְא֖וּ ,qal,perf,,M PJ,0,,M,,
416,228850,BW>[,MT,Isaiah,48,3,TB>NH,תָּבֹֽאנָה׃ ,qal,wayq,,,,,,,
417,228870,BW>[,MT,Isaiah,48,5,TBW>,תָּבֹ֖וא ,qal,impf,,,,,,,
418,228996,QBY[,MT,Isaiah,48,14,HQBYW,הִקָּבְצ֤וּ ,nif,impv,,,,,,,
419,229019,BW>[,MT,Isaiah,48,15,HBJ>TJW,הֲבִיאֹתִ֖יו ,hif,perf,,,,,,,
420,229023,QRB[,MT,Isaiah,48,16,QRBW,קִרְב֧וּ ,qal,impv,,>LJ,0,,>LJ,,
421,229043,CLX[,MT,Isaiah,48,16,CLXNJ,שְׁלָחַ֖נִי ,qal,perf,>DNJ JHWH,,,,,,
422,229061,HLK[,MT,Isaiah,48,17,TLK,תֵּלֵֽךְ׃ ,qal,impf,,,,,,,
423,229098,JY>[,MT,Isaiah,48,20,Y>W,צְא֣וּ ,qal,impv,,M BBL,0,,M,,
424,229110,JY>[,MT,Isaiah,48,20,HWYJ>WH,הֹוצִיא֖וּהָ ,hif,impv,,<D QYH H >RY,0,,<D,,
425,229125,HLK[,MT,Isaiah,48,21,HWLJKM,הֹֽולִיכָ֔ם ,hif,perf,,,,,,,
426,229219,CWB[,MT,Isaiah,49,5,CWBB,שֹׁובֵ֤ב ,piel,infc,,>LJW,0,,>LJW,,
427,229225,>SP[,MT,Isaiah,49,5,J>SP,יֵאָסֵ֑ף ,nif,impf,JFR>L,L>,0,,L>,,
428,229251,CWB[,MT,Isaiah,49,6,HCJB,הָשִׁ֑יב ,hif,infc,,,,,,,
429,229324,JY>[,MT,Isaiah,49,9,Y>W,צֵ֔אוּ ,qal,impv,,,,,,,
430,229330,GLH[,MT,Isaiah,49,9,HGLW,הִגָּל֑וּ ,nif,impv,,,,,,,
431,229372,BW>[,MT,Isaiah,49,12,JB>W,יָבֹ֑אוּ ,qal,impf,>LH,M RXWQ,0,,M,,
432,229438,JY>[,MT,Isaiah,49,17,JY>W,יֵצֵֽאוּ׃ ,qal,impf,MHRSJK W MXRBJK,MMK,0,,MMK,,
433,229445,QBY[,MT,Isaiah,49,18,NQBYW,נִקְבְּצ֣וּ ,nif,perf,KLM,,,,,,
434,229446,BW>[,MT,Isaiah,49,18,B>W,בָֽאוּ־,qal,perf,,LK,0,,LK,,
435,229488,NGC[,MT,Isaiah,49,20,GCH,גְּשָׁה־,qal,impv,,,,,,,
436,229506,GLH[,MT,Isaiah,49,21,GLH,גֹּלָ֣ה׀ ,qal,ptca,,,,,,,
437,229536,BW>[,MT,Isaiah,49,22,HBJ>W,הֵבִ֤יאוּ ,hif,perf,,,,,,,
438,229570,LQX[,MT,Isaiah,49,24,JQX,יֻקַּ֥ח ,hof,impf,MLQWX,M GBWR,0,,M,,
439,229586,LQX[,MT,Isaiah,49,25,JQX,יֻקָּ֔ח ,hof,impf,GM CBJ GBWR,,,,,,
440,229634,CLX[,MT,Isaiah,50,1,CLXTJH,שִׁלַּחְתִּ֔יהָ ,piel,perf,,,,,,,
441,229650,CLX[,MT,Isaiah,50,1,CLXH,שֻׁלְּחָ֥ה ,pual,perf,>MKM,,,,,,
442,229653,BW>[,MT,Isaiah,50,2,B>TJ,בָּ֜אתִי ,qal,perf,,,,,,,
443,229785,NGC[,MT,Isaiah,50,8,JGC,יִגַּ֥שׁ ,qal,impf,,>LJ,0,,>LJ,,
444,229812,HLK[,MT,Isaiah,50,10,HLK,הָלַ֣ךְ ,qal,perf,,,,,,,
445,229832,HLK[,MT,Isaiah,50,11,LKW,לְכ֣וּ׀ ,qal,impv,,,,,,,
446,229915,JY>[,MT,Isaiah,51,4,TY>,תֵצֵ֔א ,qal,impf,TWRH,M >TJ,0,,M,>TJ,
447,229924,JY>[,MT,Isaiah,51,5,JY>,יָצָ֣א ,qal,perf,JC<J,,,,,,
448,230052,<BR[,MT,Isaiah,51,10,<BR,עֲבֹ֥ר ,qal,infc,G>WLJM,,,,,,
449,230057,CWB[,MT,Isaiah,51,11,JCWBWN,יְשׁוּב֗וּן ,qal,impf,PDWJJ JHWH,,,,,,
450,230059,BW>[,MT,Isaiah,51,11,B>W,בָ֤אוּ ,qal,perf,,YJWN,0,,,,
451,230072,NWS[,MT,Isaiah,51,11,NSW,נָ֖סוּ ,qal,perf,JGWN W >NXH,,,,,,
452,230264,LQX[,MT,Isaiah,51,22,LQXTJ,לָקַ֛חְתִּי ,qal,perf,,M JDK,0,,M,,
453,230291,<BR[,MT,Isaiah,51,23,N<BRH,נַעֲבֹ֑רָה ,qal,impf,,,,,,,
454,230304,<BR[,MT,Isaiah,51,23,<BRJM,עֹבְרִֽים׃ ס ,qal,ptca,,K XWY,0,,K,,
455,230320,BW>[,MT,Isaiah,52,1,JB>,יָבֹא־,qal,impf,<RL W VM>,BK,0,,BK,,
456,230355,JRD[,MT,Isaiah,52,4,JRD,יָֽרַד־,qal,perf,<MJ,MYRJM,0,,,,
457,230376,LQX[,MT,Isaiah,52,5,LQX,לֻקַּ֥ח ,pual,perf,<MJ,,,,,,
458,230436,CWB[,MT,Isaiah,52,8,CWB,שׁ֥וּב ,qal,infc,JHWH,YJWN,0,,,,
459,230468,SWR[,MT,Isaiah,52,11,SWRW,ס֤וּרוּ ,qal,impv,,,,,,,
460,230469,SWR[,MT,Isaiah,52,11,SWRW,ס֨וּרוּ֙ ,qal,impv,,,,,,,
461,230470,JY>[,MT,Isaiah,52,11,Y>W,צְא֣וּ ,qal,impv,,M CM,0,,M,,
462,230476,JY>[,MT,Isaiah,52,11,Y>W,צְא֣וּ ,qal,impv,,M TWKH,0,,M,,
463,230487,JY>[,MT,Isaiah,52,12,TY>W,תֵּצֵ֔אוּ ,qal,impf,,,,,,,
464,230492,HLK[,MT,Isaiah,52,12,TLKWN,תֵלֵכ֑וּן ,qal,impf,,,,,,,
465,230494,HLK[,MT,Isaiah,52,12,HLK,הֹלֵ֤ךְ ,qal,ptca,JHWH,,,,,,
466,230499,>SP[,MT,Isaiah,52,12,M>SPKM,מְאַסִּפְכֶ֖ם ,piel,ptca,>LHJ JFR>L,,,,,,
467,230554,GLH[,MT,Isaiah,53,1,NGLTH,נִגְלָֽתָה׃ ,nif,perf,ZRW< JHWH,<L MJ,0,,<L,,
468,230556,<LH[,MT,Isaiah,53,2,J<L,יַּ֨עַל ,qal,wayq,,L PNJW,0,,L,,
469,230678,LQX[,MT,Isaiah,53,8,LQX,לֻקָּ֔ח ,pual,perf,,M <YR W M MCPV,0,,M,M,
470,230887,QBY[,MT,Isaiah,54,7,>QBYK,אֲקַבְּצֵֽךְ׃ ,piel,impf,,,,,,,
471,230911,<BR[,MT,Isaiah,54,9,<BR,עֲבֹ֥ר ,qal,infc,MJ NX,<L H >RY,0,,<L,,
472,231003,QRB[,MT,Isaiah,54,14,TQRB,תִקְרַ֖ב ,qal,impf,,>LJK,0,,>LJK,,
473,231015,NPL[,MT,Isaiah,54,15,JPWL,יִפֹּֽול׃ ,qal,impf,,,,,,,
474,231025,JY>[,MT,Isaiah,54,16,MWYJ>,מֹוצִ֥יא ,hif,ptca,,,,,,,
475,231063,HLK[,MT,Isaiah,55,1,LKW,לְכ֣וּ ,qal,impv,,L MJM,0,,L,,
476,231072,HLK[,MT,Isaiah,55,1,LKW,לְכ֤וּ ,qal,impv,,,,,,,
477,231077,HLK[,MT,Isaiah,55,1,LKW,לְכ֣וּ ,qal,impv,,,,,,,
478,231116,HLK[,MT,Isaiah,55,3,LKW,לְכ֣וּ ,qal,impv,,>LJ,0,,>LJ,,
479,231175,CWB[,MT,Isaiah,55,7,JCB,יָשֹׁ֤ב ,qal,impf,,>L JHWH,0,,>L,,
480,231214,JRD[,MT,Isaiah,55,10,JRD,יֵרֵד֩ ,qal,impf,H GCM W H CLG,MN H CMJM,0,,MN,,
481,231226,CWB[,MT,Isaiah,55,10,JCWB,יָשׁ֔וּב ,qal,impf,,CMH,1,,,,
482,231252,JY>[,MT,Isaiah,55,11,JY>,יֵצֵ֣א ,qal,impf,,M PJ,0,,M,,
483,231256,CWB[,MT,Isaiah,55,11,JCWB,יָשׁ֥וּב ,qal,impf,,>LJ,0,,>LJ,,
484,231268,CLX[,MT,Isaiah,55,11,CLXTJW,שְׁלַחְתִּֽיו׃ ,qal,perf,,,,,,,
485,231272,JY>[,MT,Isaiah,55,12,TY>W,תֵצֵ֔אוּ ,qal,impf,,,,,,,
486,231296,<LH[,MT,Isaiah,55,13,J<LH,יַעֲלֶ֣ה ,qal,impf,BRWC,,,,,,
487,231302,<LH[,MT,Isaiah,55,13,J<LH,יַעֲלֶ֣ה ,qal,impf,HDS,,,,,,
488,231327,BW>[,MT,Isaiah,56,1,BW>,בֹ֔וא ,qal,infc,,,,,,,
489,231331,GLH[,MT,Isaiah,56,1,HGLWT,הִגָּלֹֽות׃ ,nif,infc,,,,,,,
490,231454,BW>[,MT,Isaiah,56,7,HBJ>WTJM,הֲבִיאֹותִ֞ים ,hif,perf,,>L HR QDCJ,0,,>L,,
491,231482,QBY[,MT,Isaiah,56,8,MQBY,מְקַבֵּ֖ץ ,piel,ptca,,,,,,,
492,231486,QBY[,MT,Isaiah,56,8,>QBY,אֲקַבֵּ֥ץ ,piel,impf,,<LJW,0,,<LJW,,
493,231489,QBY[,MT,Isaiah,56,8,NQBYJW,נִקְבָּצָֽיו׃ ,nif,ptca,,<LJW,0,,<LJW,,
494,231542,LQX[,MT,Isaiah,56,12,>QXH,אֶקְחָה־,qal,impf,,,,,,,
495,231568,>SP[,MT,Isaiah,57,1,N>SPJM,נֶֽאֱסָפִים֙ ,nif,ptca,>NCJ XSD,,,,,,
496,231577,>SP[,MT,Isaiah,57,1,N>SP,נֶאֱסַ֥ף ,nif,perf,H YDJQ,,,,,,
497,231580,BW>[,MT,Isaiah,57,2,JBW>,יָבֹ֣וא ,qal,impf,,,,,,,
498,231585,HLK[,MT,Isaiah,57,2,HLK,הֹלֵ֖ךְ ,qal,ptca,,,,,,,
499,231589,QRB[,MT,Isaiah,57,3,QRBW,קִרְבוּ־,qal,impv,>TM,HNH,0,,,,
500,231643,<LH[,MT,Isaiah,57,6,H<LJT,הֶעֱלִ֣ית ,hif,perf,,,,,,,
501,231658,<LH[,MT,Isaiah,57,7,<LJT,עָלִ֖ית ,qal,perf,,,,,,,
502,231674,GLH[,MT,Isaiah,57,8,GLJT,גִּלִּ֣ית ,piel,perf,,,,,,,
503,231676,<LH[,MT,Isaiah,57,8,T<LJ,תַּעֲלִ֗י ,qal,wayq,,,,,,,
504,231699,CLX[,MT,Isaiah,57,9,TCLXJ,תְּשַׁלְּחִ֤י ,piel,wayq,,<D M RXQ,0,,<D,M,
505,231767,LQX[,MT,Isaiah,57,13,JQX,יִקַּח־,qal,impf,HBL,,,,,,
506,231850,HLK[,MT,Isaiah,57,17,JLK,יֵּ֥לֶךְ ,qal,wayq,,B DRK LBW,0,,B,,
507,232039,CLX[,MT,Isaiah,58,6,CLX,שַׁלַּ֤ח ,piel,infc,,,,,,,
508,232056,BW>[,MT,Isaiah,58,7,TBJ>,תָּ֣בִיא ,hif,impf,,BJT,0,,,,
509,232079,HLK[,MT,Isaiah,58,8,HLK,הָלַ֤ךְ ,qal,perf,YDQK,L PNJK,0,,L,,
510,232085,>SP[,MT,Isaiah,58,8,J>SPK,יַאַסְפֶֽךָ׃ ,qal,impf,KBWD JHWH,,,,,,
511,232096,SWR[,MT,Isaiah,58,9,TSJR,תָּסִ֤יר ,hif,impf,,M TWKK,0,,M,,
512,232100,CLX[,MT,Isaiah,58,9,CLX,שְׁלַ֥ח ,qal,infc,,,,,,,
513,232166,CWB[,MT,Isaiah,58,12,MCBB,מְשֹׁבֵ֥ב ,piel,ptca,,,,,,,
514,232171,CWB[,MT,Isaiah,58,13,TCJB,תָּשִׁ֤יב ,hif,impf,,M CBT,0,,M,,
515,232378,HLK[,MT,Isaiah,59,9,NHLK,נְהַלֵּֽךְ׃ ,piel,impf,,B >PLWT,0,,B,,
516,232478,BW>[,MT,Isaiah,59,14,BW>,בֹֽוא׃ ,qal,infc,,,,,,,
517,232485,SWR[,MT,Isaiah,59,15,SR,סָ֥ר ,qal,ptca,,M R<,0,,M,,
518,232570,BW>[,MT,Isaiah,59,19,JBW>,יָבֹ֤וא ,qal,impf,YR,,,,,,
519,232577,NWS[,MT,Isaiah,59,19,NSSH,נֹ֥סְסָה ,piel,perf,RWX JHWH,BW,0,,BW,,
520,232580,BW>[,MT,Isaiah,59,20,B>,בָ֤א ,qal,perf,,L YJWN,0,,L,,
521,232586,CWB[,MT,Isaiah,59,20,CBJ,שָׁבֵ֥י ,qal,ptca,,L CBJ PC< B J<QB,0,,L,B,
522,232631,BW>[,MT,Isaiah,60,1,B>,בָ֣א ,qal,perf,>WRK,,,,,,
523,232656,HLK[,MT,Isaiah,60,3,HLKW,הָלְכ֥וּ ,qal,perf,GWJM,L >WRK,0,,L,,
524,232671,QBY[,MT,Isaiah,60,4,NQBYW,נִקְבְּצ֣וּ ,nif,perf,KLM,,,,,,
525,232672,BW>[,MT,Isaiah,60,4,B>W,בָֽאוּ־,qal,perf,,LK,0,,LK,,
526,232677,BW>[,MT,Isaiah,60,4,JB>W,יָבֹ֔אוּ ,qal,impf,BNJK,M RXWQ,0,,M,,
527,232699,BW>[,MT,Isaiah,60,5,JB>W,יָבֹ֥אוּ ,qal,impf,XJL GWJM,LK,0,,LK,,
528,232711,BW>[,MT,Isaiah,60,6,JB>W,יָבֹ֑אוּ ,qal,impf,KLM,M CB>,0,,M,,
529,232723,QBY[,MT,Isaiah,60,7,JQBYW,יִקָּ֣בְצוּ ,nif,impf,KL Y>N QDR,LK,0,,LK,,
530,232728,<LH[,MT,Isaiah,60,7,J<LW,יַעֲל֤וּ ,qal,impf,,MZBXJ,0,,,,
531,232759,BW>[,MT,Isaiah,60,9,HBJ>,הָבִ֤יא ,hif,infc,,M RXWQ,0,,M,,
532,232803,BW>[,MT,Isaiah,60,11,HBJ>,הָבִ֤יא ,hif,infc,,>LJK,0,,>LJK,,
533,232829,BW>[,MT,Isaiah,60,13,JBW>,יָבֹ֔וא ,qal,impf,KBWD H LBNWN BRWC TDHR W T>CWR JXDW,>LJK,0,,>LJK,,
534,232844,HLK[,MT,Isaiah,60,14,HLKW,הָלְכ֨וּ ,qal,perf,BNJ M<NJK,>LJK,0,,>LJK,,
535,232871,<BR[,MT,Isaiah,60,15,<WBR,עֹובֵ֑ר ,qal,ptca,,,,,,,
536,232902,BW>[,MT,Isaiah,60,17,>BJ>,אָבִ֣יא ,hif,impf,,,,,,,
537,232908,BW>[,MT,Isaiah,60,17,>BJ>,אָ֣בִיא ,hif,impf,,,,,,,
538,232974,BW>[,MT,Isaiah,60,20,JBW>,יָבֹ֥וא ,qal,impf,CMCK,,,,,,
539,232980,>SP[,MT,Isaiah,60,20,J>SP,יֵאָסֵ֑ף ,nif,impf,JRXK,,,,,,
540,233033,CLX[,MT,Isaiah,61,1,CLXNJ,שְׁלָחַ֨נִי֙ ,qal,perf,,,,,,,
541,233221,JY>[,MT,Isaiah,61,11,TWYJ>,תֹּוצִ֣יא ,hif,impf,,,,,,,
542,233249,JY>[,MT,Isaiah,62,1,JY>,יֵצֵ֤א ,qal,impf,YDQH,,,,,,
543,233395,>SP[,MT,Isaiah,62,9,M>SPJW,מְאַסְפָיו֙ ,piel,ptca,,,,,,,
544,233402,QBY[,MT,Isaiah,62,9,MQBYJW,מְקַבְּצָ֥יו ,piel,ptca,,,,,,,
545,233407,<BR[,MT,Isaiah,62,10,<BRW,עִבְר֤וּ ,qal,impv,,,,,,,
546,233408,<BR[,MT,Isaiah,62,10,<BRW,עִבְרוּ֙ ,qal,impv,,B C<RJM,0,,B,,
547,233441,BW>[,MT,Isaiah,62,11,B>,בָּ֑א ,qal,perf,JC<K,,,,,,
548,233466,BW>[,MT,Isaiah,63,1,B>,בָּ֣א ,qal,ptca,MJ ZH,M >DWM,0,,M,,
549,233533,BW>[,MT,Isaiah,63,4,B>H,בָּֽאָה׃ ,qal,perf,CNT G>WLJ,,,,,,
550,233562,JRD[,MT,Isaiah,63,6,>WRJD,אֹורִ֥יד ,hif,impf,,L >RY,0,,L,,
551,233652,<LH[,MT,Isaiah,63,11,M<LM,מַּעֲלֵ֣ם ,hif,ptca,,M JM,0,,M,,
552,233666,HLK[,MT,Isaiah,63,12,MWLJK,מֹולִיךְ֙ ,hif,ptca,,,,,,,
553,233681,HLK[,MT,Isaiah,63,13,MWLJKM,מֹולִיכָ֖ם ,hif,ptca,,B THMWT,0,,B,,
554,233699,JRD[,MT,Isaiah,63,14,TRD,תֵרֵ֔ד ,qal,impf,,B BQ<H,0,,B,,
555,233758,CWB[,MT,Isaiah,63,17,CWB,שׁ֚וּב ,qal,impv,,,,,,,
556,233785,JRD[,MT,Isaiah,63,19,JRDT,יָרַ֔דְתָּ ,qal,perf,,,,,,,
557,233811,JRD[,MT,Isaiah,64,2,JRDT,יָרַ֕דְתָּ ,qal,perf,,,,,,,
558,233985,HLK[,MT,Isaiah,65,2,HLKJM,הֹלְכִים֙ ,qal,ptca,,>XR MXCBTJHM,0,,,,
559,234030,QRB[,MT,Isaiah,65,5,QRB,קְרַ֣ב ,qal,impv,,>LJK,0,,>LJK,,
560,234033,NGC[,MT,Isaiah,65,5,TGC,תִּגַּשׁ־,qal,impf,,BJ,0,,BJ,,
561,234110,JY>[,MT,Isaiah,65,9,HWY>TJ,הֹוצֵאתִ֤י ,hif,perf,,M J<QB,0,,M,,
562,234301,<LH[,MT,Isaiah,65,17,T<LJNH,תַעֲלֶ֖ינָה ,qal,impf,,<L LB,0,,<L,,
563,234519,<LH[,MT,Isaiah,66,3,M<LH,מַעֲלֵ֤ה ,hif,ptca,,,,,,,
564,234544,BW>[,MT,Isaiah,66,4,>BJ>,אָבִ֣יא ,hif,impf,,,,,,,
565,234608,BW>[,MT,Isaiah,66,7,JBW>,יָבֹ֥וא ,qal,impf,XBL,LH,0,,LH,,
566,234749,BW>[,MT,Isaiah,66,15,JBW>,יָבֹ֔וא ,qal,impf,JHWH,,,,,,
567,234756,CWB[,MT,Isaiah,66,15,HCJB,הָשִׁ֤יב ,hif,infc,,,,,,,
568,234813,BW>[,MT,Isaiah,66,18,B>H,בָּאָ֕ה ,qal,ptca,,,,,,,
569,234815,QBY[,MT,Isaiah,66,18,QBY,קַבֵּ֥ץ ,piel,infc,,,,,,,
570,234824,BW>[,MT,Isaiah,66,18,B>W,בָ֖אוּ ,qal,perf,,,,,,,
571,234834,CLX[,MT,Isaiah,66,19,CLXTJ,שִׁלַּחְתִּ֣י ,piel,perf,,>L H GWJM TRCJC PWL W LWD MCKJ QCT TBL W JWN H >JJM H RXQJM,0,,>L,,
572,234871,BW>[,MT,Isaiah,66,20,HBJ>W,הֵבִ֣יאוּ ,hif,perf,,<L HR QDCJ JRWCLM,0,,<L,,
573,234909,BW>[,MT,Isaiah,66,20,JBJ>W,יָבִיאוּ֩ ,hif,impf,BNJ JFR>L,BJT JHWH,0,,,,
574,234923,LQX[,MT,Isaiah,66,21,>QX,אֶקַּ֛ח ,qal,impf,,GM MHM,0,,MHM,,
575,234923,LQX[,MT,Isaiah,66,21,>QX,אֶקַּ֛ח ,qal,impf,,L KHNJM L LWJM,0,,L,L,
576,234970,BW>[,MT,Isaiah,66,23,JBW>,יָבֹ֧וא ,qal,impf,KL BFR,,,,,,
577,234980,JY>[,MT,Isaiah,66,24,JY>W,יָצְא֣וּ ,qal,perf,,,,,,,
578,1895059,BW>[,1Qisaa,Isaiah,1,12,TB>W,תבאו ,qal,impf,,,,0,,,
579,1895075,BW>[,1Qisaa,Isaiah,1,13,HBJ>,הביא ,hifil,infc,,,,0,,,
580,1895129,SWR[,1Qisaa,Isaiah,1,16,HSJRW,הסירו ,hifil,impv,,,,0,,,
581,1895149,HLK[,1Qisaa,Isaiah,1,18,LKW,לכו ,qal,impv,,,,0,,,
582,1895234,BW>[,1Qisaa,Isaiah,1,23,JBW>,יבוא ,qal,impf,,,,0,,,
583,1895257,CWB[,1Qisaa,Isaiah,1,25,HCJB,השיב ,hifil,perf,,,,0,,,
584,1895266,SWR[,1Qisaa,Isaiah,1,25,>SJR,אסיר ,hifil,impf,,,,0,,,
585,1895271,CWB[,1Qisaa,Isaiah,1,26,>CJBH,אשיבה ,hifil,impf,,,,0,,,
586,1895296,CWB[,1Qisaa,Isaiah,1,27,CBJH,שבי׳ה ,qal,ptca,,,,0,,,
587,1895395,HLK[,1Qisaa,Isaiah,2,3,HLKW,הלכו ,qal,perf,,,,0,,,
588,1895400,HLK[,1Qisaa,Isaiah,2,3,LKW,לכו ,qal,impv,,,,0,,,
589,1895402,<LH[,1Qisaa,Isaiah,2,3,N<LH,נעלה ,qal,impf,,,,0,,,
590,1895412,HLK[,1Qisaa,Isaiah,2,3,N>LKH,נאלכה ,qal,impf,,,,0,,,
591,1895418,JY>[,1Qisaa,Isaiah,2,3,TY>,תצא ,qal,impf,,,,0,,,
592,1895464,HLK[,1Qisaa,Isaiah,2,5,LKW,לכו ,qal,impv,,,,0,,,
593,1895466,HLK[,1Qisaa,Isaiah,2,5,NLKH,נלכה ,qal,impf,,,,0,,,
594,1895648,BW>[,1Qisaa,Isaiah,2,19,B>W,באו ,qal,perf,,,,0,,,
595,1895675,CLK[,1Qisaa,Isaiah,2,20,JCLJK,ישליך ,hifil,impf,,,,0,,,
596,1895697,BW>[,1Qisaa,Isaiah,2,21,BW>,בוא ,qal,infc,,,,0,,,
597,1895743,SWR[,1Qisaa,Isaiah,3,1,MHSJR,מהסיר ,hifil,ptca,,,,0,,,
598,1895866,NPL[,1Qisaa,Isaiah,3,8,NPLH,נפלה ,qal,perf,,,,0,,,
599,1895915,CWB[,1Qisaa,Isaiah,3,11,JCWB,ישוב ,qal,impf,,,,0,,,
600,1895945,BW>[,1Qisaa,Isaiah,3,14,JBW>,יבוא ,qal,impf,,,,0,,,
601,1895984,HLK[,1Qisaa,Isaiah,3,16,TLKNH,תלכנה ,qal,wayy,,,,0,,,
602,1895990,HLK[,1Qisaa,Isaiah,3,16,HLWK,הלוך ,qal,infa,,,,0,,,
603,1895993,HLK[,1Qisaa,Isaiah,3,16,TLKNH,תלכנה ,qal,impf,,,,0,,,
604,1896015,SWR[,1Qisaa,Isaiah,3,18,JSJR,יסיר ,hifil,impf,,,,0,,,
605,1896114,NPL[,1Qisaa,Isaiah,3,25,JPWLW,יפולו ,qal,impf,,,,0,,,
606,1896153,>SP[,1Qisaa,Isaiah,4,1,>SP,אסף ,qal,impv,,,,0,,,
607,1896341,SWR[,1Qisaa,Isaiah,5,5,>SJR,אסיר ,hifil,impf,,,,0,,,
608,1896363,<LH[,1Qisaa,Isaiah,5,6,<LH,עלה ,qal,perf,,,,0,,,
609,1896409,QRB[,1Qisaa,Isaiah,5,8,JQRJBW,יקריבו ,hifil,impf,,,,0,,,
610,1896489,GLH[,1Qisaa,Isaiah,5,13,GLH,גלה ,qal,perf,,,,0,,,
611,1896515,JRD[,1Qisaa,Isaiah,5,14,JRD,ירד ,qal,perf,,,,0,,,
612,1896584,QRB[,1Qisaa,Isaiah,5,19,TQRBH,תקרב׳ה ,qal,impf,,,,0,,,
613,1896586,BW>[,1Qisaa,Isaiah,5,19,TBW>H,תבוא׳ה ,qal,impf,,,,0,,,
614,1896648,SWR[,1Qisaa,Isaiah,5,23,JSJRW,יסירו ,hifil,impf,,,,0,,,
615,1896670,<LH[,1Qisaa,Isaiah,5,24,J<LH,יעלה ,qal,impf,,,,0,,,
616,1896713,CWB[,1Qisaa,Isaiah,5,25,CB,שב ,qal,perf,,,,0,,,
617,1896738,BW>[,1Qisaa,Isaiah,5,26,JBW>,יבוא ,qal,impf,,,,0,,,
618,1896936,LQX[,1Qisaa,Isaiah,6,6,LQX,לקח ,qal,perf,,,,0,,,
619,1896954,SWR[,1Qisaa,Isaiah,6,7,SR,סר ,qal,perf,,,,0,,,
620,1896968,CLX[,1Qisaa,Isaiah,6,8,>CLX,אשלח ,qal,impf,,,,0,,,
621,1896971,HLK[,1Qisaa,Isaiah,6,8,JLK,ילך ,qal,impf,,,,0,,,
622,1896976,CLX[,1Qisaa,Isaiah,6,8,CLXNJ,שלח׳ני ,qal,impv,,,,0,,,
623,1896980,HLK[,1Qisaa,Isaiah,6,9,LK,לך ,qal,impv,,,,0,,,
624,1897022,CWB[,1Qisaa,Isaiah,6,10,CB,שב ,qal,perf,,,,0,,,
625,1897072,CWB[,1Qisaa,Isaiah,6,13,CBH,שבה ,qal,perf,,,,0,,,
626,1897083,CLK[,1Qisaa,Isaiah,6,13,MCLKT,משלכת ,hofal,ptca,,,,0,,,
627,1897102,<LH[,1Qisaa,Isaiah,7,1,<LH,עלה ,qal,perf,,,,0,,,
628,1897153,JY>[,1Qisaa,Isaiah,7,3,Y>,צא ,qal,impv,,,,0,,,
629,1897221,<LH[,1Qisaa,Isaiah,7,6,N<LH,נעלה ,qal,impf,,,,0,,,
630,1897394,BW>[,1Qisaa,Isaiah,7,17,JBJ>,יביא ,hifil,impf,,,,0,,,
631,1897407,BW>[,1Qisaa,Isaiah,7,17,B>W,באו ,qal,perf,,,,0,,,
632,1897411,SWR[,1Qisaa,Isaiah,7,17,SWR,סור ,qal,infc,,,,0,,,
633,1897444,BW>[,1Qisaa,Isaiah,7,19,B>W,באו ,qal,perf,,,,0,,,
634,1897562,BW>[,1Qisaa,Isaiah,7,24,JBW>,יבוא ,qal,impf,,,,1,,,
635,1897582,BW>[,1Qisaa,Isaiah,7,25,TBW>,תבוא ,qal,impf,,,,1,,,
636,1897602,LQX[,1Qisaa,Isaiah,8,1,QX,קח ,qal,impv,,,,0,,,
637,1897634,QRB[,1Qisaa,Isaiah,8,3,>QRB,אקרב ,qal,wayy,,,,0,,,
638,1897699,HLK[,1Qisaa,Isaiah,8,6,HWLKJM,הולכים ,qal,ptca,,,,0,,,
639,1897717,<LH[,1Qisaa,Isaiah,8,7,M<LH,מעלה ,hifil,ptca,,,,0,,,
640,1897737,<LH[,1Qisaa,Isaiah,8,7,<LH,עלה ,qal,perf,,,,0,,,
641,1897742,HLK[,1Qisaa,Isaiah,8,7,HLK,הלך ,qal,perf,,,,0,,,
642,1897753,<BR[,1Qisaa,Isaiah,8,8,<BR,עבר ,qal,perf,,,,0,,,
643,1897804,HLK[,1Qisaa,Isaiah,8,11,LKT,לכת ,qal,infc,,,,0,,,
644,1897877,NPL[,1Qisaa,Isaiah,8,15,NPLW,נפלו ,qal,perf,,,,0,,,
645,1897981,<BR[,1Qisaa,Isaiah,8,21,<BR,עבר ,qal,perf,,,,1,,,
646,1898055,HLK[,1Qisaa,Isaiah,9,1,HWLKJM,הולכים ,qal,ptca,,,,0,,,
647,1898190,CLX[,1Qisaa,Isaiah,9,7,CLX,שלח ,qal,perf,,,,0,,,
648,1898195,NPL[,1Qisaa,Isaiah,9,7,NPL,נפל ,qal,perf,,,,0,,,
649,1898218,NPL[,1Qisaa,Isaiah,9,9,NPLW,נפלו ,qal,perf,,,,0,,,
650,1898259,CWB[,1Qisaa,Isaiah,9,11,CB,שב ,qal,perf,,,,0,,,
651,1898270,CWB[,1Qisaa,Isaiah,9,12,CB,שב ,qal,perf,,,,0,,,
652,1898352,CWB[,1Qisaa,Isaiah,9,16,CB,שב ,qal,perf,,,,0,,,
653,1898435,CWB[,1Qisaa,Isaiah,9,20,CB,שב ,qal,perf,,,,0,,,
654,1898482,BW>[,1Qisaa,Isaiah,10,3,TBW>,תבוא ,qal,impf,,,,0,,,
655,1898485,NWS[,1Qisaa,Isaiah,10,3,TNWSW,תנוסו ,qal,impf,,,,0,,,
656,1898500,NPL[,1Qisaa,Isaiah,10,4,JPLW,יפלו ,qal,impf,,,,0,,,
657,1898506,CWB[,1Qisaa,Isaiah,10,4,CB,שב ,qal,perf,,,,0,,,
658,1898527,CLX[,1Qisaa,Isaiah,10,6,>CLXNW,אשלח׳נו ,piel,impf,,,,0,,,
659,1898665,SWR[,1Qisaa,Isaiah,10,13,>SJR,אסיר ,hifil,impf,,,,0,,,
660,1898672,JRD[,1Qisaa,Isaiah,10,13,>WRJD,אוריד ,hifil,impf,,,,0,,,
661,1898687,>SP[,1Qisaa,Isaiah,10,14,>SWP,אסוף ,qal,infc,,,,0,,,
662,1898694,>SP[,1Qisaa,Isaiah,10,14,>SPTJ,אספתי ,qal,perf,,,,0,,,
663,1898733,CLX[,1Qisaa,Isaiah,10,16,JCLX,ישלח ,piel,impf,,,,0,,,
664,1898827,CWB[,1Qisaa,Isaiah,10,21,JCWB,ישוב ,qal,impf,,,,0,,,
665,1898844,CWB[,1Qisaa,Isaiah,10,22,JCWB,ישוב ,qal,impf,,,,0,,,
666,1898931,SWR[,1Qisaa,Isaiah,10,27,JSWR,יסור ,qal,impf,,,,0,,,
667,1898948,BW>[,1Qisaa,Isaiah,10,28,B>,בא ,qal,perf,,,,1,,,
668,1898951,<BR[,1Qisaa,Isaiah,10,28,<BR,עבר ,qal,perf,,,,1,,,
669,1898959,<BR[,1Qisaa,Isaiah,10,29,<BR,עבר ,qal,perf,,,,0,,,
670,1898970,NWS[,1Qisaa,Isaiah,10,29,NSH,נסה ,qal,perf,,,,0,,,
671,1899034,NPL[,1Qisaa,Isaiah,10,34,JPWL,יפול ,qal,impf,,,,0,,,
672,1899037,JY>[,1Qisaa,Isaiah,11,1,JY>,יצא ,qal,perf,,,,0,,,
673,1899267,>SP[,1Qisaa,Isaiah,11,12,>SP,אספ ,qal,perf,,,,0,,,
674,1899273,QBY[,1Qisaa,Isaiah,11,12,JQBY,יקבצ ,piel,impf,,,,0,,,
675,1899280,SWR[,1Qisaa,Isaiah,11,13,SRH,סרה ,qal,perf,,,,0,,,
676,1899364,<LH[,1Qisaa,Isaiah,11,16,<LWT,עלות׳ #  ,qal,infc,,,,0,,,
677,1899381,CWB[,1Qisaa,Isaiah,12,1,CB,שב ,qal,perf,,,,0,,,
678,1899480,BW>[,1Qisaa,Isaiah,13,2,JBW>,יבוא ,qal,impf,,,,0,,,
679,1899507,>SP[,1Qisaa,Isaiah,13,4,NSPJM,נספים ,nifal,ptca,,,,0,,,
680,1899514,BW>[,1Qisaa,Isaiah,13,5,B>JM,באים ,qal,ptca,,,,0,,,
681,1899541,BW>[,1Qisaa,Isaiah,13,6,JBW>,יבוא ,qal,impf,,,,0,,,
682,1899575,BW>[,1Qisaa,Isaiah,13,9,B>,בא ,qal,ptca,,,,0,,,
683,1899605,JY>[,1Qisaa,Isaiah,13,10,Y>TW,צאת׳ו ,qal,infc,,,,0,,,
684,1899670,QBY[,1Qisaa,Isaiah,13,14,MQBY,מקבץ ,piel,ptca,,,,0,,,
685,1899679,NWS[,1Qisaa,Isaiah,13,14,JNWSW,ינוסו ,qal,impf,,,,0,,,
686,1899689,NPL[,1Qisaa,Isaiah,13,15,JPWL,יפול ,qal,impf,,,,0,,,
687,1899806,BW>[,1Qisaa,Isaiah,13,22,BW>,בוא ,qal,infc,,,,0,,,
688,1899840,LQX[,1Qisaa,Isaiah,14,2,LQXWM,לקחו׳ם ,qal,perf,,,,0,,,
689,1899844,BW>[,1Qisaa,Isaiah,14,2,HBJ>WM,הביאו׳ם ,hifil,perf,,,,0,,,
690,1899954,<LH[,1Qisaa,Isaiah,14,8,J<LH,יעלה ,qal,impf,,,,0,,,
691,1899966,BW>[,1Qisaa,Isaiah,14,9,BW>K,בוא׳ך ,qal,infc,,,,0,,,
692,1899992,JRD[,1Qisaa,Isaiah,14,11,HWRD,הורד ,hofal,perf,,,,0,,,
693,1900006,NPL[,1Qisaa,Isaiah,14,12,NPLTH,נפלתה ,qal,perf,,,,0,,,
694,1900027,<LH[,1Qisaa,Isaiah,14,13,><LH,אעלה ,qal,impf,,,,1,,,
695,1900043,<LH[,1Qisaa,Isaiah,14,14,><LH,אעלה ,qal,impf,,,,0,,,
696,1900054,JRD[,1Qisaa,Isaiah,14,15,TWRD,תורד ,hofal,impf,,,,0,,,
697,1900099,CLK[,1Qisaa,Isaiah,14,19,HWCLKTH,הושלכתה ,hofal,perf,,,,0,,,
698,1900109,JRD[,1Qisaa,Isaiah,14,19,JWRDW,יורדו ,qal,ptca,,,,0,,,
699,1900216,SWR[,1Qisaa,Isaiah,14,25,SR,סר ,qal,perf,,,,0,,,
700,1900225,SWR[,1Qisaa,Isaiah,14,25,JSWR,יסור ,qal,impf,,,,0,,,
701,1900260,CWB[,1Qisaa,Isaiah,14,27,JCJBNH,ישיב׳נה ,hifil,impf,,,,0,,,
702,1900287,JY>[,1Qisaa,Isaiah,14,29,JY>,יצא ,qal,impf,,,,0,,,
703,1900323,BW>[,1Qisaa,Isaiah,14,31,B>,בא ,qal,ptca,,,,0,,,
704,1900363,<LH[,1Qisaa,Isaiah,15,2,<LH,עלה ,qal,perf,,,,0,,,
705,1900400,JRD[,1Qisaa,Isaiah,15,3,JRD,ירד ,qal,ptca,,,,0,,,
706,1900437,<LH[,1Qisaa,Isaiah,15,5,J<LH,יעלה ,qal,impf,,,,0,,,
707,1900504,CLX[,1Qisaa,Isaiah,16,1,CLXW,שלחו ,qal,impv,,,,1,,,
708,1900522,CLX[,1Qisaa,Isaiah,16,2,MCLX,משלח ,pual,ptca,,,,0,,,
709,1900530,BW>[,1Qisaa,Isaiah,16,3,HBJW,הביו ,hifil,impv,,,,0,,,
710,1900545,GLH[,1Qisaa,Isaiah,16,3,TGLJ,תגלי ,piel,impf,,,,0,,,
711,1900642,NPL[,1Qisaa,Isaiah,16,9,NPL,נפל ,qal,perf,,,,0,,,
712,1900645,>SP[,1Qisaa,Isaiah,16,10,N>SP,נאסף ,nifal,perf,,,,0,,,
713,1900688,BW>[,1Qisaa,Isaiah,16,12,B>,בא ,qal,perf,,,,0,,,
714,1900694,BW>[,1Qisaa,Isaiah,16,12,B>,בא ,qal,perf,,,,0,,,
715,1900748,SWR[,1Qisaa,Isaiah,17,1,MWSR,מוסר ,hofal,ptca,,,,0,,,
716,1900806,>SP[,1Qisaa,Isaiah,17,5,>SP,אסף ,qal,infc,,,,0,,,
717,1900970,NWS[,1Qisaa,Isaiah,17,13,NS,נס ,qal,perf,,,,0,,,
718,1901020,CLX[,1Qisaa,Isaiah,18,2,CWLX,שולח ,qal,ptca,,,,0,,,
719,1901031,HLK[,1Qisaa,Isaiah,18,2,LKW,לכו ,qal,impv,,,,0,,,
720,1901116,SWR[,1Qisaa,Isaiah,18,5,HSJR,הסיר ,hifil,perf,,,,0,,,
721,1901188,BW>[,1Qisaa,Isaiah,19,1,B>,בא ,qal,ptca,,,,0,,,
722,1901322,CLK[,1Qisaa,Isaiah,19,8,MCLJKJ,משליכי ,hifil,ptca,,,,0,,,
723,1901548,CLX[,1Qisaa,Isaiah,19,20,CLX,שלח ,qal,perf,,,,0,,,
724,1901552,JRD[,1Qisaa,Isaiah,19,20,JRD,ירד ,qal,perf,,,,0,,,
725,1901591,CWB[,1Qisaa,Isaiah,19,22,CBW,שבו ,qal,perf,,,,0,,,
726,1901610,BW>[,1Qisaa,Isaiah,19,23,B>,בא ,qal,perf,,,,1,,,
727,1901660,BW>[,1Qisaa,Isaiah,20,1,B>,בא ,qal,infc,,,,1,,,
728,1901664,CLX[,1Qisaa,Isaiah,20,1,CLX,שלח ,qal,infc,,,,1,,,
729,1901689,HLK[,1Qisaa,Isaiah,20,2,LK,לך ,qal,impv,,,,0,,,
730,1901706,HLK[,1Qisaa,Isaiah,20,2,HLWK,הלוך ,qal,infa,,,,0,,,
731,1901716,HLK[,1Qisaa,Isaiah,20,3,HLK,הלכ ,qal,perf,,,,0,,,
732,1901809,BW>[,1Qisaa,Isaiah,21,1,B>,בא ,qal,ptca,,,,0,,,
733,1901826,<LH[,1Qisaa,Isaiah,21,2,<LJ,עלי ,qal,impv,,,,0,,,
734,1901883,HLK[,1Qisaa,Isaiah,21,6,LK,לך ,qal,impv,,,,0,,,
735,1901931,BW>[,1Qisaa,Isaiah,21,9,B>,בא ,qal,ptca,,,,0,,,
736,1901940,NPL[,1Qisaa,Isaiah,21,9,NPLH,נפלה ,qal,perf,,,,0,,,
737,1901941,NPL[,1Qisaa,Isaiah,21,9,NPLH,נפלה ,qal,perf,,,,0,,,
738,1901991,CWB[,1Qisaa,Isaiah,21,12,CWBW,שובו ,qal,impv,,,,0,,,
739,1902075,<LH[,1Qisaa,Isaiah,22,1,<LJTJ,עליתי ,qal,perf,,,,0,,,
740,1902177,GLH[,1Qisaa,Isaiah,22,8,JGL,יגל ,piel,wayy,,,,0,,,
741,1902202,QBY[,1Qisaa,Isaiah,22,9,TQBYW,תקבצו ,piel,wayy,,,,0,,,
742,1902293,GLH[,1Qisaa,Isaiah,22,14,NGLH,נגלה ,nifal,perf,,,,0,,,
743,1902318,HLK[,1Qisaa,Isaiah,22,15,LK,לכ ,qal,impv,,,,0,,,
744,1902319,BW>[,1Qisaa,Isaiah,22,15,BW>,בוא ,qal,impv,,,,0,,,
745,1902506,NPL[,1Qisaa,Isaiah,22,25,NPLH,נפלה ,qal,perf,,,,0,,,
746,1902527,BW>[,1Qisaa,Isaiah,23,1,BW>,בוא ,qal,infc,,,,0,,,
747,1902531,GLH[,1Qisaa,Isaiah,23,1,NGLH,נגלה ,nifal,perf,,,,0,,,
748,1902539,<BR[,1Qisaa,Isaiah,23,2,<BRW,עברו ,qal,perf,,,,0,,,
749,1902589,<BR[,1Qisaa,Isaiah,23,6,<WBRJ,עוברי ,qal,impv,,,,1,,,
750,1902679,<BR[,1Qisaa,Isaiah,23,12,<BRJ,עברי ,qal,impv,,,,0,,,
751,1902725,LQX[,1Qisaa,Isaiah,23,16,QXJ,קחי ,qal,impv,,,,0,,,
752,1902749,CWB[,1Qisaa,Isaiah,23,17,CBH,שבה ,qal,perf,,,,0,,,
753,1902872,<BR[,1Qisaa,Isaiah,24,5,<BRW,עברו ,qal,perf,,,,0,,,
754,1902935,BW>[,1Qisaa,Isaiah,24,10,BW>,בוא ,qal,infc,,,,0,,,
755,1902946,GLH[,1Qisaa,Isaiah,24,11,GLH,גלה ,qal,perf,,,,0,,,
756,1903044,NWS[,1Qisaa,Isaiah,24,18,NS,נס ,qal,ptca,,,,0,,,
757,1903049,NPL[,1Qisaa,Isaiah,24,18,JPWL,יפול ,qal,impf,,,,0,,,
758,1903055,<LH[,1Qisaa,Isaiah,24,18,<WLH,עולה ,qal,ptca,,,,0,,,
759,1903100,NPL[,1Qisaa,Isaiah,24,20,NPL,נפל ,qal,perf,,,,0,,,
760,1903129,>SP[,1Qisaa,Isaiah,24,22,>SPW,אספו ,pual,perf,,,,0,,,
761,1903313,SWR[,1Qisaa,Isaiah,25,8,JSJR,יסיר ,hifil,impf,,,,0,,,
762,1903421,BW>[,1Qisaa,Isaiah,26,2,JBW>,יבוא ,qal,impf,,,,0,,,
763,1903604,QRB[,1Qisaa,Isaiah,26,17,TQRJB,תקריב ,hifil,impf,,,,0,,,
764,1903628,NPL[,1Qisaa,Isaiah,26,18,JPWLW,יפולו ,qal,impf,,,,0,,,
765,1903648,NPL[,1Qisaa,Isaiah,26,19,TPJL,תפיל ,hifil,impf,,,,0,,,
766,1903650,HLK[,1Qisaa,Isaiah,26,20,LK,לך ,qal,impv,,,,0,,,
767,1903652,BW>[,1Qisaa,Isaiah,26,20,B>,בא ,qal,impv,,,,0,,,
768,1903664,<BR[,1Qisaa,Isaiah,26,20,J<BWR,יעבור ,qal,impf,,,,0,,,
769,1903669,JY>[,1Qisaa,Isaiah,26,21,JY>,יצא ,qal,ptca,,,,0,,,
770,1903680,GLH[,1Qisaa,Isaiah,26,21,GLTH,גלתה ,piel,perf,,,,0,,,
771,1903777,BW>[,1Qisaa,Isaiah,27,6,B>JM,באים ,qal,ptca,,,,0,,,
772,1903805,CLX[,1Qisaa,Isaiah,27,8,CLXH,שלח׳ה ,piel,infc,,,,0,,,
773,1903827,SWR[,1Qisaa,Isaiah,27,9,HSJR,הסיר ,hifil,infc,,,,0,,,
774,1903849,CLX[,1Qisaa,Isaiah,27,10,MCLX,משלח ,pual,ptca,,,,0,,,
775,1903870,BW>[,1Qisaa,Isaiah,27,11,B>WT,באות ,qal,ptca,,,,0,,,
776,1903923,BW>[,1Qisaa,Isaiah,27,13,B>W,באו ,qal,perf,,,,0,,,
777,1904054,CWB[,1Qisaa,Isaiah,28,6,MCJBJ,משיבי ,hifil,ptca,,,,0,,,
778,1904186,HLK[,1Qisaa,Isaiah,28,13,JLKW,ילכו ,qal,impf,,,,0,,,
779,1904227,<BR[,1Qisaa,Isaiah,28,15,JBWR,יבור ,qal,impf,,,,0,,,
780,1904229,BW>[,1Qisaa,Isaiah,28,15,JBW>NW,יבוא׳נו ,qal,impf,,,,0,,,
781,1904297,<BR[,1Qisaa,Isaiah,28,18,J<BWR,יעבור ,qal,impf,,,,0,,,
782,1904306,<BR[,1Qisaa,Isaiah,28,19,<BRW,עבר׳ו ,qal,infc,,,,0,,,
783,1904307,LQX[,1Qisaa,Isaiah,28,19,JQX,יקח ,qal,impf,,,,0,,,
784,1904314,<BR[,1Qisaa,Isaiah,28,19,J<BWR,יעבור ,qal,impf,,,,0,,,
785,1904480,JY>[,1Qisaa,Isaiah,28,29,JY>H,יצאה ,qal,perf,,,,0,,,
786,1904562,<BR[,1Qisaa,Isaiah,29,5,<WBR,עובר ,qal,ptca,,,,0,,,
787,1904754,NGC[,1Qisaa,Isaiah,29,13,NGC,נגש ,nifal,perf,,,,0,,,
788,1904852,CWB[,1Qisaa,Isaiah,29,17,CB,שב ,qal,perf,,,,0,,,
789,1905003,HLK[,1Qisaa,Isaiah,30,2,HWLKJM,הולכים ,qal,ptca,,,,0,,,
790,1905005,JRD[,1Qisaa,Isaiah,30,2,RDT,רדת ,qal,infc,,,,0,,,
791,1905120,BW>[,1Qisaa,Isaiah,30,8,BW>,בוא ,qal,impv,,,,0,,,
792,1905172,SWR[,1Qisaa,Isaiah,30,11,TSJRW,תסירו ,hifil,impf,,,,0,,,
793,1905217,NPL[,1Qisaa,Isaiah,30,13,NWPL,נופל ,qal,ptca,,,,0,,,
794,1905226,BW>[,1Qisaa,Isaiah,30,13,JBW>,יבוא ,qal,impf,,,,0,,,
795,1905285,NWS[,1Qisaa,Isaiah,30,16,NNWS,ננוס ,qal,impf,,,,0,,,
796,1905288,NWS[,1Qisaa,Isaiah,30,16,TNWSWN,תנוסו׳ן ,qal,impf,,,,0,,,
797,1905308,NWS[,1Qisaa,Isaiah,30,17,TNWSW,תנוסו ,qal,impf,,,,0,,,
798,1905399,HLK[,1Qisaa,Isaiah,30,21,LKW,לכו ,qal,impv,,,,0,,,
799,1905491,NPL[,1Qisaa,Isaiah,30,25,NPL,נפל ,qal,infc,,,,0,,,
800,1905530,BW>[,1Qisaa,Isaiah,30,27,B>,בא ,qal,ptca,,,,0,,,
801,1905582,HLK[,1Qisaa,Isaiah,30,29,HWLK,הולך ,qal,ptca,,,,0,,,
802,1905586,BW>[,1Qisaa,Isaiah,30,29,BW>,בוא ,qal,infc,,,,0,,,
803,1905679,JRD[,1Qisaa,Isaiah,31,1,JWRDJM,יורדים ,qal,ptca,,,,1,,,
804,1905717,BW>[,1Qisaa,Isaiah,31,2,JBJ>,יביא ,hifil,wayy,,,,0,,,
805,1905723,SWR[,1Qisaa,Isaiah,31,2,HSJR,הסיר ,hifil,perf,,,,0,,,
806,1905755,NPL[,1Qisaa,Isaiah,31,3,NPL,נפל ,qal,perf,,,,0,,,
807,1905792,JRD[,1Qisaa,Isaiah,31,4,JRD,ירד ,qal,impf,,,,0,,,
808,1905821,CWB[,1Qisaa,Isaiah,31,6,CWBJW,שוביו ,qal,impv,,,,0,,,
809,1905850,NPL[,1Qisaa,Isaiah,31,8,NPL,נפל ,qal,perf,,,,0,,,
810,1905862,NWS[,1Qisaa,Isaiah,31,8,NS,נס ,qal,perf,,,,0,,,
811,1905878,<BR[,1Qisaa,Isaiah,31,9,J<BWR,יעבור ,qal,impf,,,,0,,,
812,1906044,BW>[,1Qisaa,Isaiah,32,10,JBW>,יבוא ,qal,impf,,,,0,,,
813,1906075,<LH[,1Qisaa,Isaiah,32,13,T<LH,תעלה ,qal,impf,,,,0,,,
814,1906167,JRD[,1Qisaa,Isaiah,32,19,RDT,רדת ,qal,infc,,,,0,,,
815,1906183,CLX[,1Qisaa,Isaiah,32,20,MCLXJ,משלחי ,piel,ptca,,,,0,,,
816,1906240,>SP[,1Qisaa,Isaiah,33,4,>SP,אסף ,pual,perf,,,,0,,,
817,1906287,<BR[,1Qisaa,Isaiah,33,8,<WBR,עובר ,qal,ptca,,,,0,,,
818,1906369,HLK[,1Qisaa,Isaiah,33,15,HWLWK,הולוך ,qal,ptca,,,,0,,,
819,1906478,HLK[,1Qisaa,Isaiah,33,21,TLB,תלב ,qal,impf,,,,0,,,
820,1906486,<BR[,1Qisaa,Isaiah,33,21,J<BRNW,יעבר׳נו ,qal,impf,,,,0,,,
821,1906532,QRB[,1Qisaa,Isaiah,34,1,QRWBW,קרובו ,qal,impv,,,,0,,,
822,1906570,CLK[,1Qisaa,Isaiah,34,3,JWCLKW,יושלכו ,hofal,impf,,,,0,,,
823,1906573,<LH[,1Qisaa,Isaiah,34,3,J<LH,יעלה ,qal,impf,,,,0,,,
824,1906591,NPL[,1Qisaa,Isaiah,34,4,JPWLW,יפולו ,qal,impf,,,,0,,,
825,1906621,JRD[,1Qisaa,Isaiah,34,5,TRD,תרד ,qal,impf,,,,0,,,
826,1906660,JRD[,1Qisaa,Isaiah,34,7,JRDW,ירדו ,qal,perf,,,,0,,,
827,1906715,<LH[,1Qisaa,Isaiah,34,10,<LH,עלה ,qal,perf,,,,0,,,
828,1906728,<BR[,1Qisaa,Isaiah,34,10,<WBR,עובר ,qal,ptca,,,,0,,,
829,1906767,<LH[,1Qisaa,Isaiah,34,13,<LTH,עלתה ,qal,perf,,,,0,,,
830,1906817,QBY[,1Qisaa,Isaiah,34,15,NQBYW,נקבצו ,nifal,perf,,,,1,,,
831,1906842,QBY[,1Qisaa,Isaiah,34,16,QBYM,קבצ׳ם ,piel,perf,,,,0,,,
832,1906846,NPL[,1Qisaa,Isaiah,34,17,HPJL,הפיל ,hifil,perf,,,,0,,,
833,1906922,BW>[,1Qisaa,Isaiah,35,4,JBJ>,יביא ,hifil,impf,,,,0,,,
834,1906926,BW>[,1Qisaa,Isaiah,35,4,JBJ>,יביא ,hifil,impf,,,,0,,,
835,1906957,HLK[,1Qisaa,Isaiah,35,6,JLKW,ילכו ,qal,impf,,,,0,,,
836,1906991,<BR[,1Qisaa,Isaiah,35,8,J<WBWRNH,יעובור׳נה ,qal,impf,,,,1,,,
837,1906997,HLK[,1Qisaa,Isaiah,35,8,HWLK,הולך ,qal,ptca,,,,1,,,
838,1907013,<LH[,1Qisaa,Isaiah,35,9,J<LNH,יעל׳נה ,qal,impf,,,,1,,,
839,1907019,HLK[,1Qisaa,Isaiah,35,9,HLKW,הלכו ,qal,perf,,,,1,,,
840,1907025,CWB[,1Qisaa,Isaiah,35,10,JCWBW,ישובו ,qal,impf,,,,0,,,
841,1907027,BW>[,1Qisaa,Isaiah,35,10,B>W,באו ,qal,perf,,,,0,,,
842,1907042,NWS[,1Qisaa,Isaiah,35,10,NS,נס ,qal,perf,,,,0,,,
843,1907056,<LH[,1Qisaa,Isaiah,36,1,<LH,עלה ,qal,perf,,,,0,,,
844,1907070,CLX[,1Qisaa,Isaiah,36,2,JCLX,ישלח ,qal,wayy,,,,1,,,
845,1907101,JY>[,1Qisaa,Isaiah,36,3,JY>,יצא ,qal,wayy,,,,0,,,
846,1907184,BW>[,1Qisaa,Isaiah,36,6,B>,בא ,qal,perf,,,,0,,,
847,1907211,SWR[,1Qisaa,Isaiah,36,7,HSJR,הסיר ,hifil,perf,,,,0,,,
848,1907259,CWB[,1Qisaa,Isaiah,36,9,TCJB,תשיב ,hifil,impf,,,,0,,,
849,1907286,<LH[,1Qisaa,Isaiah,36,10,<LJTJ,עליתי ,qal,perf,,,,0,,,
850,1907297,<LH[,1Qisaa,Isaiah,36,10,<LH,עלה ,qal,impv,,,,0,,,
851,1907350,CLX[,1Qisaa,Isaiah,36,12,CLXNJ,שלח׳ני ,qal,perf,,,,0,,,
852,1907455,JY>[,1Qisaa,Isaiah,36,16,Y>W,צאו ,qal,impv,,,,0,,,
853,1907473,BW>[,1Qisaa,Isaiah,36,17,BW>J,בוא׳י ,qal,infc,,,,0,,,
854,1907475,LQX[,1Qisaa,Isaiah,36,17,LQXTJ,לקחתי ,qal,perf,,,,0,,,
855,1907568,BW>[,1Qisaa,Isaiah,36,22,JBW>,יבוא ,qal,wayy,,,,0,,,
856,1907614,BW>[,1Qisaa,Isaiah,37,1,JBW>,יבוא ,qal,wayy,,,,0,,,
857,1907619,CLX[,1Qisaa,Isaiah,37,2,JCLX,ישלח ,qal,wayy,,,,0,,,
858,1907663,BW>[,1Qisaa,Isaiah,37,3,B>W,באו ,qal,perf,,,,0,,,
859,1907684,CLX[,1Qisaa,Isaiah,37,4,CLXW,שלח׳ו ,qal,perf,,,,0,,,
860,1907714,BW>[,1Qisaa,Isaiah,37,5,JBW>W,יבואו ,qal,wayy,,,,0,,,
861,1907758,CWB[,1Qisaa,Isaiah,37,7,CB,שב ,qal,perf,,,,0,,,
862,1907762,NPL[,1Qisaa,Isaiah,37,7,HPLTJW,הפלתי׳ו ,hifil,perf,,,,0,,,
863,1907769,CWB[,1Qisaa,Isaiah,37,8,JCWB,ישוב ,qal,wayy,,,,0,,,
864,1907795,JY>[,1Qisaa,Isaiah,37,9,JY>,יצא ,qal,perf,,,,0,,,
865,1907802,CWB[,1Qisaa,Isaiah,37,9,JCWB,ישוב ,qal,wayy,,,,0,,,
866,1907804,CLX[,1Qisaa,Isaiah,37,9,JCLX,ישלח ,qal,wayy,,,,0,,,
867,1907896,LQX[,1Qisaa,Isaiah,37,14,JQX,יקח ,qal,wayy,,,,0,,,
868,1907908,<LH[,1Qisaa,Isaiah,37,14,J<LH,יעלה ,qal,wayy,,,,0,,,
869,1907971,CLX[,1Qisaa,Isaiah,37,17,CLX,שלח ,qal,perf,,,,0,,,
870,1908029,CLX[,1Qisaa,Isaiah,37,21,JCLX,ישלח ,qal,wayy,,,,0,,,
871,1908099,<LH[,1Qisaa,Isaiah,37,24,<LJTJ,עליתי ,qal,perf,,,,0,,,
872,1908111,BW>[,1Qisaa,Isaiah,37,24,>BW>,אבוא ,qal,impf,,,,0,,,
873,1908145,BW>[,1Qisaa,Isaiah,37,26,HBJ>WTJH,הביאותי׳ה ,hifil,perf,,,,0,,,
874,1908179,JY>[,1Qisaa,Isaiah,37,28,Y>TKH,צאת׳כה ,qal,infc,,,,0,,,
875,1908181,BW>[,1Qisaa,Isaiah,37,28,BW>KH,בוא׳כה ,qal,infc,,,,0,,,
876,1908190,<LH[,1Qisaa,Isaiah,37,29,<LH,עלה ,qal,perf,,,,0,,,
877,1908203,CWB[,1Qisaa,Isaiah,37,29,HCJBWTJKH,השיבותי׳כה ,hifil,perf,,,,0,,,
878,1908207,BW>[,1Qisaa,Isaiah,37,29,BTH,בתה ,qal,perf,,,,0,,,
879,1908241,>SP[,1Qisaa,Isaiah,37,31,>SPH,אספה ,qal,perf,,,,1,,,
880,1908259,JY>[,1Qisaa,Isaiah,37,32,TY>,תצא ,qal,impf,,,,0,,,
881,1908280,BW>[,1Qisaa,Isaiah,37,33,JBW>,יבוא ,qal,impf,,,,0,,,
882,1908304,BW>[,1Qisaa,Isaiah,37,34,B>,בא ,qal,perf,,,,0,,,
883,1908306,CWB[,1Qisaa,Isaiah,37,34,JCWB,ישוב ,qal,impf,,,,0,,,
884,1908314,BW>[,1Qisaa,Isaiah,37,34,JBW>,יבוא ,qal,impf,,,,0,,,
885,1908334,JY>[,1Qisaa,Isaiah,37,36,JY>,יצא ,qal,wayy,,,,0,,,
886,1908361,HLK[,1Qisaa,Isaiah,37,37,JLK,ילך ,qal,wayy,,,,0,,,
887,1908363,CWB[,1Qisaa,Isaiah,37,37,JCWWB,ישווב ,qal,wayy,,,,0,,,
888,1908409,BW>[,1Qisaa,Isaiah,38,1,JBW>,יבוא ,qal,wayy,,,,0,,,
889,1908452,HLK[,1Qisaa,Isaiah,38,3,HTHLKTJ,התהלכתי ,hitpael,perf,,,,0,,,
890,1908482,HLK[,1Qisaa,Isaiah,38,5,HLWK,הלוך ,qal,infa,,,,0,,,
891,1908553,CWB[,1Qisaa,Isaiah,38,8,MCJB,משיב ,hifil,ptca,,,,0,,,
892,1908559,JRD[,1Qisaa,Isaiah,38,8,JRDH,ירדה ,qal,perf,,,,0,,,
893,1908571,CWB[,1Qisaa,Isaiah,38,8,TCWB,תשוב ,qal,wayy,,,,0,,,
894,1908579,JRD[,1Qisaa,Isaiah,38,8,JRDH,ירדה ,qal,perf,,,,0,,,
895,1908599,HLK[,1Qisaa,Isaiah,38,10,>LKH,אלכה ,qal,impf,,,,0,,,
896,1908722,CLK[,1Qisaa,Isaiah,38,17,HCLKTH,השלכתה ,hifil,perf,,,,1,,,
897,1908739,JRD[,1Qisaa,Isaiah,38,18,JWRDJ,יורדי ,qal,ptca,,,,0,,,
898,1908805,<LH[,1Qisaa,Isaiah,38,22,><LH,אעלה ,qal,impf,,,,0,,,
899,1908813,CLX[,1Qisaa,Isaiah,39,1,CLX,שלח ,qal,perf,,,,0,,,
900,1908886,BW>[,1Qisaa,Isaiah,39,3,JBW>,יבוא ,qal,wayy,,,,0,,,
901,1908906,BW>[,1Qisaa,Isaiah,39,3,JBW>W,יבואו ,qal,impf,,,,0,,,
902,1908914,BW>[,1Qisaa,Isaiah,39,3,B>W,באו ,qal,perf,,,,0,,,
903,1908955,BW>[,1Qisaa,Isaiah,39,6,B>JM,באים ,qal,ptca,,,,0,,,
904,1908972,BW>[,1Qisaa,Isaiah,39,6,JBW>W,יבואו ,qal,impf,,,,0,,,
905,1908984,JY>[,1Qisaa,Isaiah,39,7,JY>W,יצאו ,qal,impf,,,,0,,,
906,1908989,LQX[,1Qisaa,Isaiah,39,7,JQXW,יקחו ,qal,impf,,,,0,,,
907,1909038,LQX[,1Qisaa,Isaiah,40,2,LQXH,לקחה ,qal,perf,,,,0,,,
908,1909084,GLH[,1Qisaa,Isaiah,40,5,NGLH,נגלה ,nifal,perf,,,,0,,,
909,1909147,<LH[,1Qisaa,Isaiah,40,9,<LJ,עלי ,qal,impv,,,,0,,,
910,1909172,BW>[,1Qisaa,Isaiah,40,10,JBW>,יבוא ,qal,impf,,,,0,,,
911,1909191,QBY[,1Qisaa,Isaiah,40,11,JQBY,יקבצ ,piel,impf,,,,0,,,
912,1909437,JY>[,1Qisaa,Isaiah,40,26,MWYJ>,מוציא ,hifil,ptca,,,,0,,,
913,1909471,<BR[,1Qisaa,Isaiah,40,27,J<BWR,יעבור ,qal,impf,,,,0,,,
914,1909525,<LH[,1Qisaa,Isaiah,40,31,J<LW,יעלו ,hifil,impf,,,,0,,,
915,1909533,HLK[,1Qisaa,Isaiah,40,31,JLKW,ילכו ,qal,impf,,,,0,,,
916,1909545,NGC[,1Qisaa,Isaiah,41,1,JGWCW,יגושו ,qal,impf,,,,0,,,
917,1909551,QRB[,1Qisaa,Isaiah,41,1,NQRBH,נקרבה ,qal,impf,,,,0,,,
918,1909569,JRD[,1Qisaa,Isaiah,41,2,JWRJD,יוריד ,hifil,impf,,,,0,,,
919,1909583,<BR[,1Qisaa,Isaiah,41,3,J<BWR,יעבור ,qal,impf,,,,0,,,
920,1909617,QRB[,1Qisaa,Isaiah,41,5,QRBW,קרבו ,qal,impv,,,,0,,,
921,1909877,QRB[,1Qisaa,Isaiah,41,21,QRBW,קרבו ,piel,impv,,,,0,,,
922,1909881,NGC[,1Qisaa,Isaiah,41,21,HGJCW,הגישו ,hifil,impv,,,,0,,,
923,1909887,NGC[,1Qisaa,Isaiah,41,22,JGJCW,יגישו ,hifil,impf,,,,0,,,
924,1909908,BW>[,1Qisaa,Isaiah,41,22,B>WT,באות ,qal,ptca,,,,0,,,
925,1909954,BW>[,1Qisaa,Isaiah,41,25,JBW>W,יבואו ,qal,impf,,,,0,,,
926,1910012,CWB[,1Qisaa,Isaiah,41,28,JCJBW,ישיבו ,hifil,impf,,,,0,,,
927,1910040,JY>[,1Qisaa,Isaiah,42,1,JWYJ>,יוציא ,hifil,impf,,,,0,,,
928,1910065,JY>[,1Qisaa,Isaiah,42,3,JWYJ>,יוציא ,hifil,impf,,,,0,,,
929,1910109,HLK[,1Qisaa,Isaiah,42,5,HWLKJM,הולכים ,qal,ptca,,,,0,,,
930,1910137,JY>[,1Qisaa,Isaiah,42,7,HWYJ>,הוציא ,hifil,infc,,,,0,,,
931,1910167,BW>[,1Qisaa,Isaiah,42,9,B>W,באו ,qal,perf,,,,0,,,
932,1910190,JRD[,1Qisaa,Isaiah,42,10,JWRDJ,יורדי ,qal,ptca,,,,0,,,
933,1910228,JY>[,1Qisaa,Isaiah,42,13,JY>,יצא ,qal,impf,,,,0,,,
934,1910273,HLK[,1Qisaa,Isaiah,42,16,HWLJKTJ,הוליכתי ,hifil,perf,,,,0,,,
935,1910338,CLX[,1Qisaa,Isaiah,42,19,>CLX,אשלח ,qal,impf,,,,0,,,
936,1910396,CWB[,1Qisaa,Isaiah,42,22,HCB,השב ,hifil,impv,,,,0,,,
937,1910431,HLK[,1Qisaa,Isaiah,42,24,HLWK,הלוך ,qal,infc,,,,0,,,
938,1910483,<BR[,1Qisaa,Isaiah,43,2,T<BWR,תעבור ,qal,impf,,,,0,,,
939,1910494,HLK[,1Qisaa,Isaiah,43,2,TLK,תלך ,qal,impf,,,,0,,,
940,1910545,BW>[,1Qisaa,Isaiah,43,5,>BJ>,אביא ,hifil,impf,,,,0,,,
941,1910550,QBY[,1Qisaa,Isaiah,43,5,>QBYKH,אקבצ׳כה ,piel,impf,,,,0,,,
942,1910561,BW>[,1Qisaa,Isaiah,43,6,HBJ>W,הביאו ,hifil,impv,,,,0,,,
943,1910585,JY>[,1Qisaa,Isaiah,43,8,HWYJ>W,הוציאו ,hifil,impv,,,,0,,,
944,1910599,QBY[,1Qisaa,Isaiah,43,9,NQBYW,נקבצו ,nifal,perf,,,,0,,,
945,1910602,>SP[,1Qisaa,Isaiah,43,9,J>SPW,יאספו ,nifal,impf,,,,0,,,
946,1910689,CWB[,1Qisaa,Isaiah,43,13,JCJBNH,ישיב׳נה ,hifil,impf,,,,0,,,
947,1910698,CLX[,1Qisaa,Isaiah,43,14,CLXTJ,שלחתי ,piel,perf,,,,0,,,
948,1910702,JRD[,1Qisaa,Isaiah,43,14,HWRDTJ,הורדתי ,hifil,perf,,,,0,,,
949,1910733,JY>[,1Qisaa,Isaiah,43,17,MWYJ>,מוציא ,hifil,ptca,,,,0,,,
950,1910817,BW>[,1Qisaa,Isaiah,43,23,HBJ>WTH,הביאותה ,hifil,perf,,,,0,,,
951,1911019,BW>[,1Qisaa,Isaiah,44,7,TBW>JNH,תבואינה ,qal,impf,,,,0,,,
952,1911087,QBY[,1Qisaa,Isaiah,44,11,JTQBYW,יתקבצו ,hitpael,impf,,,,0,,,
953,1911157,LQX[,1Qisaa,Isaiah,44,14,JQX,יקח ,qal,wayy,,,,0,,,
954,1911180,LQX[,1Qisaa,Isaiah,44,15,JQX,יקח ,qal,wayy,,,,0,,,
955,1911262,CWB[,1Qisaa,Isaiah,44,19,JCJB,ישיב ,hifil,impf,,,,0,,,
956,1911339,CWB[,1Qisaa,Isaiah,44,22,CWBH,שוב׳ה ,qal,impv,,,,0,,,
957,1911399,CWB[,1Qisaa,Isaiah,44,25,MCJB,משיב ,hifil,ptca,,,,0,,,
958,1911488,HLK[,1Qisaa,Isaiah,45,2,>LK,אלך ,qal,impf,,,,0,,,
959,1911683,CLX[,1Qisaa,Isaiah,45,13,JCLX,ישלח ,piel,impf,,,,0,,,
960,1911707,<BR[,1Qisaa,Isaiah,45,14,J<BWRW,יעבורו ,qal,impf,,,,0,,,
961,1911712,HLK[,1Qisaa,Isaiah,45,14,JLKW,ילכו ,qal,impf,,,,0,,,
962,1911715,<BR[,1Qisaa,Isaiah,45,14,J<BWRW,יעבורו ,qal,impf,,,,0,,,
963,1911746,HLK[,1Qisaa,Isaiah,45,16,JLKW,ילכו ,qal,impf,,,,0,,,
964,1911821,QBY[,1Qisaa,Isaiah,45,20,HQBYW,הקבצו ,nifal,impv,,,,0,,,
965,1911823,BW>[,1Qisaa,Isaiah,45,20,BW>W,בואו ,qal,impv,,,,0,,,
966,1911824,NGC[,1Qisaa,Isaiah,45,20,HTNGCW,התנגשו ,hitpael,impv,,,,0,,,
967,1911846,NGC[,1Qisaa,Isaiah,45,21,HGJCW,הגישו ,hifil,impv,,,,0,,,
968,1911892,JY>[,1Qisaa,Isaiah,45,23,JY>,יצא ,qal,perf,,,,0,,,
969,1911899,CWB[,1Qisaa,Isaiah,45,23,JCWB,ישוב ,qal,impf,,,,0,,,
970,1911919,BW>[,1Qisaa,Isaiah,45,24,JBW>W,יבואו ,qal,impf,,,,0,,,
971,1911961,HLK[,1Qisaa,Isaiah,46,2,HLKW,הלכו ,qal,perf,,,,0,,,
972,1912059,CWB[,1Qisaa,Isaiah,46,8,HCJBW,השיבו ,hifil,impv,,,,0,,,
973,1912109,BW>[,1Qisaa,Isaiah,46,11,>BJ>NH,אביא׳נה ,hifil,impf,,,,0,,,
974,1912123,QRB[,1Qisaa,Isaiah,46,13,QRWBH,קרובה ,,,,,,0,,,
975,1912142,JRD[,1Qisaa,Isaiah,47,1,RDJ,רדי ,qal,impv,,,,0,,,
976,1912168,LQX[,1Qisaa,Isaiah,47,2,QXJ,קחי ,qal,impv,,,,0,,,
977,1912173,GLH[,1Qisaa,Isaiah,47,2,GLJ,גלי ,piel,impv,,,,0,,,
978,1912177,GLH[,1Qisaa,Isaiah,47,2,GLJ,גלי ,piel,impv,,,,0,,,
979,1912179,<BR[,1Qisaa,Isaiah,47,2,<BWRJ,עבורי ,qal,impv,,,,0,,,
980,1912182,GLH[,1Qisaa,Isaiah,47,3,TGLH,תגלה ,nifal,impf,,,,0,,,
981,1912188,LQX[,1Qisaa,Isaiah,47,3,>QX,אקח ,qal,impf,,,,0,,,
982,1912204,BW>[,1Qisaa,Isaiah,47,5,BW>J,בואי ,qal,impv,,,,0,,,
983,1912280,BW>[,1Qisaa,Isaiah,47,9,TBW>JNH,תבואינה ,qal,impf,,,,1,,,
984,1912293,BW>[,1Qisaa,Isaiah,47,9,B>W,באו ,qal,perf,,,,1,,,
985,1912314,CWB[,1Qisaa,Isaiah,47,10,CWBBTK,שובבת׳ך ,polel,perf,,,,0,,,
986,1912325,BW>[,1Qisaa,Isaiah,47,11,B>H,באה ,qal,perf,,,,0,,,
987,1912333,NPL[,1Qisaa,Isaiah,47,11,TPWL,תפול ,qal,impf,,,,0,,,
988,1912341,BW>[,1Qisaa,Isaiah,47,11,TBW>,תבוא ,qal,impf,,,,0,,,
989,1912387,BW>[,1Qisaa,Isaiah,47,13,JBW>,יבוא ,qal,impf,,,,0,,,
990,1912440,JY>[,1Qisaa,Isaiah,48,1,JY>W,יצאו ,qal,perf,,,,0,,,
991,1912482,JY>[,1Qisaa,Isaiah,48,3,JY>H,יצאה ,qal,perf,,,,0,,,
992,1912488,BW>[,1Qisaa,Isaiah,48,3,TBW>JNH,תבואינה ,qal,wayy,,,,0,,,
993,1912511,BW>[,1Qisaa,Isaiah,48,5,TBW>,תבוא ,qal,impf,,,,0,,,
994,1912646,QBY[,1Qisaa,Isaiah,48,14,JQBYW,יקבצו ,nifal,impf,,,,0,,,
995,1912672,BW>[,1Qisaa,Isaiah,48,15,HBJ>WTJHW,הביאותי׳הו ,hifil,perf,,,,0,,,
996,1912677,QRB[,1Qisaa,Isaiah,48,16,QRWBW,קרובו ,qal,impv,,,,1,,,
997,1912698,CLX[,1Qisaa,Isaiah,48,16,CLXNJ,שלח׳ני ,qal,perf,,,,1,,,
998,1912718,HLK[,1Qisaa,Isaiah,48,17,TLK,תלך ,qal,impf,,,,0,,,
999,1912757,JY>[,1Qisaa,Isaiah,48,20,Y>W,צאו ,qal,impv,,,,0,,,
1000,1912786,HLK[,1Qisaa,Isaiah,48,21,HWLJKW,הוליכ׳ו ,hifil,perf,,,,0,,,
1001,1912889,CWB[,1Qisaa,Isaiah,49,5,CWBB,שובב ,polel,infc,,,,0,,,
1002,1912895,>SP[,1Qisaa,Isaiah,49,5,J>SP,יאסף ,nifal,impf,,,,0,,,
1003,1912922,CWB[,1Qisaa,Isaiah,49,6,HCJB,השיב ,hifil,infc,,,,0,,,
1004,1912998,JY>[,1Qisaa,Isaiah,49,9,Y>W,צאו ,qal,impv,,,,0,,,
1005,1913004,GLH[,1Qisaa,Isaiah,49,9,HGLW,הגלו ,nifal,impv,,,,0,,,
1006,1913051,BW>[,1Qisaa,Isaiah,49,12,JBW>W,יבואו ,qal,impf,,,,0,,,
1007,1913124,JY>[,1Qisaa,Isaiah,49,17,JY>W,יצאו ,qal,impf,,,,0,,,
1008,1913132,QBY[,1Qisaa,Isaiah,49,18,NQBYW,נקבצו ,nifal,perf,,,,0,,,
1009,1913133,BW>[,1Qisaa,Isaiah,49,18,B>W,באו ,qal,perf,,,,0,,,
1010,1913175,NGC[,1Qisaa,Isaiah,49,20,GCH,גש׳ה ,qal,impv,,,,0,,,
1011,1913195,GLH[,1Qisaa,Isaiah,49,21,GWLH,גולה ,qal,ptca,,,,0,,,
1012,1913226,BW>[,1Qisaa,Isaiah,49,22,HBJ>W,הביאו ,hifil,perf,,,,0,,,
1013,1913262,LQX[,1Qisaa,Isaiah,49,24,JQXW,יקחו ,qal,impf,,,,0,,,
1014,1913278,LQX[,1Qisaa,Isaiah,49,25,JLQX,ילקח ,nifal,impf,,,,0,,,
1015,1913327,CLX[,1Qisaa,Isaiah,50,1,CLXTJH,שלחתי׳ה ,piel,perf,,,,0,,,
1016,1913343,CLX[,1Qisaa,Isaiah,50,1,CWLXH,שולחה ,pual,perf,,,,0,,,
1017,1913347,BW>[,1Qisaa,Isaiah,50,2,B>TJ,באתי ,qal,perf,,,,0,,,
1018,1913481,NGC[,1Qisaa,Isaiah,50,8,JGC,יגש ,qal,impf,,,,0,,,
1019,1913509,HLK[,1Qisaa,Isaiah,50,10,HLKW,הלכו ,qal,perf,,,,0,,,
1020,1913530,HLK[,1Qisaa,Isaiah,50,11,LKW,לכו ,qal,impv,,,,0,,,
1021,1913621,JY>[,1Qisaa,Isaiah,51,4,TY>,תצא ,qal,impf,,,,0,,,
1022,1913631,JY>[,1Qisaa,Isaiah,51,5,JY>,יצא ,qal,perf,,,,0,,,
1023,1913754,<BR[,1Qisaa,Isaiah,51,10,<BWR,עבור ,qal,infc,,,,0,,,
1024,1913762,CWB[,1Qisaa,Isaiah,51,11,JCWBW,ישובו ,qal,impf,,,,0,,,
1025,1913764,BW>[,1Qisaa,Isaiah,51,11,B>W,באו ,qal,perf,,,,0,,,
1026,1913778,NWS[,1Qisaa,Isaiah,51,11,NS,נס ,qal,perf,,,,0,,,
1027,1913979,LQX[,1Qisaa,Isaiah,51,22,LQXTJ,לקחתי ,qal,perf,,,,0,,,
1028,1914009,<BR[,1Qisaa,Isaiah,51,23,N<BWRH,נעבורה ,qal,impf,,,,0,,,
1029,1914019,<BR[,1Qisaa,Isaiah,51,23,<WBRJM,עוברים ,qal,ptca,,,,0,,,
1030,1914037,BW>[,1Qisaa,Isaiah,52,1,JBW>,יבוא ,qal,impf,,,,0,,,
1031,1914075,JRD[,1Qisaa,Isaiah,52,4,JRD,ירד ,qal,perf,,,,1,,,
1032,1914096,LQX[,1Qisaa,Isaiah,52,5,LWQX,לוקח ,passive,perf,,,,0,,,
1033,1914158,CWB[,1Qisaa,Isaiah,52,8,CWB,שוב ,qal,infc,,,,0,,,
1034,1914198,SWR[,1Qisaa,Isaiah,52,11,SWRW,סורו ,qal,impv,,,,1,,,
1035,1914199,SWR[,1Qisaa,Isaiah,52,11,SWRW,סורו ,qal,impv,,,,1,,,
1036,1914200,JY>[,1Qisaa,Isaiah,52,11,Y>W,צאו ,qal,impv,,,,1,,,
1037,1914207,JY>[,1Qisaa,Isaiah,52,11,Y>W,צאו ,qal,impv,,,,1,,,
1038,1914219,JY>[,1Qisaa,Isaiah,52,12,TY>W,תצאו ,qal,impf,,,,0,,,
1039,1914224,HLK[,1Qisaa,Isaiah,52,12,TLKWN,תלכו׳ן ,qal,impf,,,,0,,,
1040,1914226,HLK[,1Qisaa,Isaiah,52,12,HWLK,הולך ,qal,ptca,,,,0,,,
1041,1914231,>SP[,1Qisaa,Isaiah,52,12,M>SPKMH,מאספ׳כמה ,piel,ptca,,,,0,,,
1042,1914300,GLH[,1Qisaa,Isaiah,53,1,NGLTH,נגלתה ,nifal,perf,,,,0,,,
1043,1914303,<LH[,1Qisaa,Isaiah,53,2,J<LW,יעלו ,qal,wayy,,,,0,,,
1044,1914431,LQX[,1Qisaa,Isaiah,53,8,LWQX,לוקח ,passive,perf,,,,0,,,
1045,1914656,QBY[,1Qisaa,Isaiah,54,7,>QBYK,אקבצ׳ך ,piel,impf,,,,0,,,
1046,1914682,<BR[,1Qisaa,Isaiah,54,9,<BWR,עבור ,qal,infc,,,,0,,,
1047,1914778,QRB[,1Qisaa,Isaiah,54,14,TQRB,תקרב ,qal,impf,,,,0,,,
1048,1914791,NPL[,1Qisaa,Isaiah,54,15,JPWLW,יפולו ,qal,impf,,,,0,,,
1049,1914802,JY>[,1Qisaa,Isaiah,54,16,MWYJ>,מוציא ,hifil,ptca,,,,0,,,
1050,1914832,HLK[,1Qisaa,Isaiah,55,1,LKW,לכו ,qal,impv,,,,0,,,
1051,1914840,HLK[,1Qisaa,Isaiah,55,1,LKW,לכו ,qal,impv,,,,0,,,
1052,1914879,HLK[,1Qisaa,Isaiah,55,3,LKW,לכו ,qal,impv,,,,0,,,
1053,1914943,CWB[,1Qisaa,Isaiah,55,7,JCWB,ישוב ,qal,impf,,,,0,,,
1054,1914986,JRD[,1Qisaa,Isaiah,55,10,JRD,ירד ,qal,impf,,,,1,,,
1055,1914998,CWB[,1Qisaa,Isaiah,55,10,JCWB,ישוב ,qal,impf,,,,1,,,
1056,1915024,JY>[,1Qisaa,Isaiah,55,11,JY>,יצא ,qal,impf,,,,0,,,
1057,1915028,CWB[,1Qisaa,Isaiah,55,11,JCWB,ישוב ,qal,impf,,,,0,,,
1058,1915041,CLX[,1Qisaa,Isaiah,55,11,CLXTJW,שלחתי׳ו ,qal,perf,,,,0,,,
1059,1915046,JY>[,1Qisaa,Isaiah,55,12,TY>W,תצאו ,qal,impf,,,,0,,,
1060,1915050,HLK[,1Qisaa,Isaiah,55,12,TLKW,תלכו ,qal,impf,,,,0,,,
1061,1915071,<LH[,1Qisaa,Isaiah,55,13,J<LH,יעלה ,qal,impf,,,,0,,,
1062,1915077,<LH[,1Qisaa,Isaiah,55,13,J<LH,יעלה ,qal,impf,,,,0,,,
1063,1915105,BW>[,1Qisaa,Isaiah,56,1,BW>,בוא ,qal,infc,,,,0,,,
1064,1915109,GLH[,1Qisaa,Isaiah,56,1,HGLWT,הגלות ,nifal,infc,,,,0,,,
1065,1915236,BW>[,1Qisaa,Isaiah,56,7,HBJ>WTJM,הביאותי׳ם ,hifil,perf,,,,0,,,
1066,1915248,<LH[,1Qisaa,Isaiah,56,7,J<LW,יעלו ,qal,impf,,,,0,,,
1067,1915266,QBY[,1Qisaa,Isaiah,56,8,MQBY,מקבץ ,piel,ptca,,,,0,,,
1068,1915270,QBY[,1Qisaa,Isaiah,56,8,>QBY,אקבץ ,piel,impf,,,,0,,,
1069,1915273,QBY[,1Qisaa,Isaiah,56,8,NQBYJW,נקבצי׳ו ,nifal,ptca,,,,0,,,
1070,1915333,LQX[,1Qisaa,Isaiah,56,12,NQX,נקח ,qal,impf,,,,0,,,
1071,1915364,>SP[,1Qisaa,Isaiah,57,1,N>SPJM,נאספים ,nifal,ptca,,,,0,,,
1072,1915373,>SP[,1Qisaa,Isaiah,57,1,N>SP,נאסף ,nifal,perf,,,,0,,,
1073,1915378,BW>[,1Qisaa,Isaiah,57,2,JBW>,יבוא ,qal,impf,,,,0,,,
1074,1915384,HLK[,1Qisaa,Isaiah,57,2,HLWK,הלוך ,qal,infa,,,,0,,,
1075,1915389,QRB[,1Qisaa,Isaiah,57,3,QRWBW,קרובו ,qal,impv,,,,0,,,
1076,1915445,<LH[,1Qisaa,Isaiah,57,6,H<LJTH,העליתה ,hifil,perf,,,,1,,,
1077,1915461,<LH[,1Qisaa,Isaiah,57,7,<LJT,עלית ,qal,perf,,,,0,,,
1078,1915478,GLH[,1Qisaa,Isaiah,57,8,GLJTH,גליתה ,piel,perf,,,,0,,,
1079,1915480,<LH[,1Qisaa,Isaiah,57,8,T<LW,תעלו ,qal,wayy,,,,0,,,
1080,1915502,CLX[,1Qisaa,Isaiah,57,9,TCLXJ,תשלחי ,piel,wayy,,,,0,,,
1081,1915566,QBY[,1Qisaa,Isaiah,57,12,QWBYJK,קובצי׳ך ,qal,ptca,,,,0,,,
1082,1915571,QBY[,1Qisaa,Isaiah,57,13,QWBYJK,קובצי׳ך ,qal,ptca,,,,0,,,
1083,1915578,LQX[,1Qisaa,Isaiah,57,13,JQX,יקח ,qal,impf,,,,0,,,
1084,1915669,HLK[,1Qisaa,Isaiah,57,17,JLK,ילך ,qal,wayy,,,,0,,,
1085,1915864,CLX[,1Qisaa,Isaiah,58,6,CLX,שלח ,piel,infa,,,,0,,,
1086,1915881,BW>[,1Qisaa,Isaiah,58,7,TBJ>,תביא ,hifil,impf,,,,0,,,
1087,1915893,<LH[,1Qisaa,Isaiah,58,7,TT<L,תתעל ,hitpael,impf,,,,0,,,
1088,1915905,HLK[,1Qisaa,Isaiah,58,8,HLK,הלך ,qal,perf,,,,0,,,
1089,1915912,>SP[,1Qisaa,Isaiah,58,8,J>SPKH,יאספ׳כה ,qal,impf,,,,0,,,
1090,1915924,SWR[,1Qisaa,Isaiah,58,9,TSJR,תסיר ,hifil,impf,,,,0,,,
1091,1915929,CLX[,1Qisaa,Isaiah,58,9,CLWX,שלוח ,qal,infc,,,,0,,,
1092,1915995,CWB[,1Qisaa,Isaiah,58,12,MCWBB,משובב ,polel,ptca,,,,0,,,
1093,1916001,CWB[,1Qisaa,Isaiah,58,13,TCJB,תשיב ,hifil,impf,,,,0,,,
1094,1916216,HLK[,1Qisaa,Isaiah,59,9,NHLK,נהלך ,piel,impf,,,,0,,,
1095,1916312,BW>[,1Qisaa,Isaiah,59,14,BW>,בוא ,qal,infc,,,,0,,,
1096,1916320,SWR[,1Qisaa,Isaiah,59,15,SR,סר ,qal,ptca,,,,0,,,
1097,1916406,BW>[,1Qisaa,Isaiah,59,19,JBW>,יבוא ,qal,impf,,,,0,,,
1098,1916412,NWS[,1Qisaa,Isaiah,59,19,NWSSH,נוססה ,polel,perf,,,,0,,,
1099,1916416,BW>[,1Qisaa,Isaiah,59,20,B>,בא ,qal,perf,,,,0,,,
1100,1916422,CWB[,1Qisaa,Isaiah,59,20,CBJ,שבי ,qal,ptca,,,,0,,,
1101,1916468,BW>[,1Qisaa,Isaiah,60,1,B>,בא ,qal,perf,,,,0,,,
1102,1916494,HLK[,1Qisaa,Isaiah,60,3,HLKW,הלכו ,qal,perf,,,,0,,,
1103,1916510,QBY[,1Qisaa,Isaiah,60,4,NQBYW,נקבצו ,nifal,perf,,,,0,,,
1104,1916511,BW>[,1Qisaa,Isaiah,60,4,B>W,באו ,qal,perf,,,,0,,,
1105,1916516,BW>[,1Qisaa,Isaiah,60,4,JBW>W,יבואו ,qal,impf,,,,0,,,
1106,1916537,BW>[,1Qisaa,Isaiah,60,5,JBW>W,יבואו ,qal,impf,,,,0,,,
1107,1916550,BW>[,1Qisaa,Isaiah,60,6,JBW>W,יבואו ,qal,impf,,,,0,,,
1108,1916563,QBY[,1Qisaa,Isaiah,60,7,JQBYW,יקבצו ,nifal,impf,,,,0,,,
1109,1916569,<LH[,1Qisaa,Isaiah,60,7,J<LW,יעלו ,hifil,impf,,,,0,,,
1110,1916600,BW>[,1Qisaa,Isaiah,60,9,HBJ>,הביא ,hifil,infc,,,,0,,,
1111,1916647,BW>[,1Qisaa,Isaiah,60,11,HBJ>,הביא ,hifil,infc,,,,0,,,
1112,1916678,BW>[,1Qisaa,Isaiah,60,13,JBW>,יבוא ,qal,impf,,,,0,,,
1113,1916695,HLK[,1Qisaa,Isaiah,60,14,>HLKW,אהלכו ,qal,perf,,,,0,,,
1114,1916725,<BR[,1Qisaa,Isaiah,60,15,<WBR,עובר ,qal,ptca,,,,0,,,
1115,1916758,BW>[,1Qisaa,Isaiah,60,17,>BJ>,אביא ,hifil,impf,,,,0,,,
1116,1916764,BW>[,1Qisaa,Isaiah,60,17,>BJ>,אביא ,hifil,impf,,,,0,,,
1117,1916837,BW>[,1Qisaa,Isaiah,60,20,JBW>,יבוא ,qal,impf,,,,0,,,
1118,1916842,>SP[,1Qisaa,Isaiah,60,20,J>SP,יאסף ,nifal,impf,,,,0,,,
1119,1916898,CLX[,1Qisaa,Isaiah,61,1,CLXNJ,שלח׳ני ,qal,perf,,,,0,,,
1120,1917097,JY>[,1Qisaa,Isaiah,61,11,TWYJ>,תוציא ,hifil,impf,,,,0,,,
1121,1917127,JY>[,1Qisaa,Isaiah,62,1,JY>,יצא ,qal,impf,,,,0,,,
1122,1917282,>SP[,1Qisaa,Isaiah,62,9,M>SPWHJ,מאספו׳הי ,piel,ptca,,,,0,,,
1123,1917290,QBY[,1Qisaa,Isaiah,62,9,MQBYW,מקבצ׳ו ,piel,ptca,,,,0,,,
1124,1917298,<BR[,1Qisaa,Isaiah,62,10,<BWRW,עבורו ,qal,impv,,,,0,,,
1125,1917331,BW>[,1Qisaa,Isaiah,62,11,B>,בא ,qal,ptca,,,,0,,,
1126,1917358,BW>[,1Qisaa,Isaiah,63,1,B>,בא ,qal,ptca,,,,0,,,
1127,1917415,BW>[,1Qisaa,Isaiah,63,4,B>H,באה ,qal,perf,,,,0,,,
1128,1917446,JRD[,1Qisaa,Isaiah,63,6,>WRJDH,אורידה ,hifil,impf,,,,0,,,
1129,1917541,<LH[,1Qisaa,Isaiah,63,11,M<LH,מעלה ,hifil,ptca,,,,0,,,
1130,1917557,HLK[,1Qisaa,Isaiah,63,12,MWLJK,מוליך ,hifil,ptca,,,,0,,,
1131,1917572,HLK[,1Qisaa,Isaiah,63,13,MWLJKM,מוליכ׳ם ,hifil,ptca,,,,0,,,
1132,1917586,JRD[,1Qisaa,Isaiah,63,14,TRD,תרד ,qal,impf,,,,0,,,
1133,1917650,CWB[,1Qisaa,Isaiah,63,17,CWB,שוב ,qal,impv,,,,0,,,
1134,1917679,JRD[,1Qisaa,Isaiah,63,19,JRDTH,ירדתה ,qal,perf,,,,0,,,
1135,1917709,JRD[,1Qisaa,Isaiah,64,2,JRDTH,ירדתה ,qal,perf,,,,0,,,
1136,1917892,HLK[,1Qisaa,Isaiah,65,2,HWLKJM,הולכים ,qal,ptca,,,,0,,,
1137,1917940,QRB[,1Qisaa,Isaiah,65,5,QRB,קרב ,qal,impv,,,,0,,,
1138,1918021,JY>[,1Qisaa,Isaiah,65,9,HWYJTJ,הוציתי ,hifil,perf,,,,1,,,
1139,1918207,<LH[,1Qisaa,Isaiah,65,17,T<LJN>,תעלינא ,qal,impf,,,,0,,,
1140,1918436,<LH[,1Qisaa,Isaiah,66,3,M<LH,מעלה ,hifil,ptca,,,,0,,,
1141,1918463,BW>[,1Qisaa,Isaiah,66,4,>BJ>,אביא ,hifil,impf,,,,0,,,
1142,1918530,BW>[,1Qisaa,Isaiah,66,7,JBW>,יבוא ,qal,impf,,,,0,,,
1143,1918677,BW>[,1Qisaa,Isaiah,66,15,JBW>,יבוא ,qal,impf,,,,0,,,
1144,1918683,CWB[,1Qisaa,Isaiah,66,15,HCJB,השיב ,hifil,infc,,,,0,,,
1145,1918698,BW>[,1Qisaa,Isaiah,66,16,JBW>,יבוא ,hifil,impf,,,,0,,,
1146,1918743,BW>[,1Qisaa,Isaiah,66,18,B>W,באו ,qal,perf,,,,0,,,
1147,1918745,QBY[,1Qisaa,Isaiah,66,18,QBY,קבץ ,piel,infc,,,,0,,,
1148,1918754,BW>[,1Qisaa,Isaiah,66,18,B>W,באו ,qal,perf,,,,0,,,
1149,1918765,CLX[,1Qisaa,Isaiah,66,19,CLXTJ,שלחתי ,piel,perf,,,,0,,,
1150,1918802,BW>[,1Qisaa,Isaiah,66,20,HBJ>W,הביאו ,hifil,perf,,,,0,,,
1151,1918839,BW>[,1Qisaa,Isaiah,66,20,JBJ>W,יביאו ,hifil,impf,,,,0,,,
1152,1918854,LQX[,1Qisaa,Isaiah,66,21,>QX,אקח ,qal,impf,,,,0,,,
1153,1918901,BW>[,1Qisaa,Isaiah,66,23,JBW>,יבוא ,qal,impf,,,,0,,,
1154,1918913,JY>[,1Qisaa,Isaiah,66,24,JY>W,יצאו ,qal,perf,,,,0,,,
